complaint_text,topic
"My account balance is showing incorrect information. There is RM 2,032.08 missing that I cannot account for. This is affecting my daily life.",account_balance
This is unacceptable. i'm unable to make overseas transfers via the app. It keeps timing out at the final step. Please resolve this immediately.,mobile_app_transfer
This is unacceptable. the banking app on my iPhone 15 won't let me sign in. I've tried resetting my password three times but the login still fails.,mobile_app_login
I've been a loyal customer for years and now eTC card auto top-up feature stopped working. My card balance is zero and I can't pay tolls. I'm considering switching banks over this.,etc_card_topup
ETC card top-up via ATM was successful but the balance on the card wasn't updated. I expect a response within 24 hours.,etc_card_topup
I've been a loyal customer for years and now fund transfer on the mobile banking app shows 'Pending' for over 24 hours. The amount has been deducted. I'm considering switching banks over this.,mobile_app_transfer
"My OTP SMS is arriving 20 minutes late, causing the code to expire before I can use it. I'm considering switching banks over this.",mobile_app_otp
This is unacceptable. my debit card was blocked after one failed PIN attempt. This is very inconvenient. I expect a response within 24 hours.,debit_card_blocked
I did a balance inquiry at the ATM and it showed a lower balance than what's in my account. Please resolve this immediately.,debit_card_atm
I've been a loyal customer for years and now credit card reward points were deducted from my account without my knowledge. Please resolve this immediately.,credit_card_billing
I've been a loyal customer for years and now my credit card statement shows a late fee even though I paid the minimum amount on time.,credit_card_billing
This is my third complaint about this issue. i'm unable to make overseas transfers via the app. It keeps timing out at the final step. I will escalate to the regulator if this is not resolved.,mobile_app_transfer
I cannot access your internet banking portal. The website keeps showing a '503 Service Unavailable' error.,online_banking_access
I'm contacting you because the CitiCore Bank app freezes whenever I navigate to the transaction history page. I have to restart my phone. I expect a response within 24 hours.,mobile_app_crash
My credit card keeps getting declined even though I paid off the full balance last week. I expect a response within 24 hours.,credit_card_declined
I need urgent help — the mobile app is saying my OTP is incorrect even though I'm entering it exactly as received. Please resolve this immediately.,mobile_app_otp
This is my third complaint about this issue. online banking login page is down. I've tried multiple browsers and devices. I will escalate to the regulator if this is not resolved.,online_banking_access
"This is my third complaint about this issue. credit card declined for an online purchase of RM 2,604.89. My card is active and not expired. I expect a response within 24 hours.",credit_card_declined
I'm not receiving the OTP SMS needed to complete my transaction. I've been waiting 30 minutes. This is affecting my daily life.,mobile_app_otp
"Hi, I'm writing to complain that your mobile app login page just spins and never loads. I've been unable to access my account since February 04, 2026. This is affecting my daily life.",mobile_app_login
Debit card shows as frozen in the app but I didn't freeze it. Please unblock it. I expect a response within 24 hours.,debit_card_blocked
"Hi, I'm writing to complain that mobile app keeps logging me out immediately after I sign in. This is happening on my Pixel 8. This is affecting my daily life.",mobile_app_login
This is my third complaint about this issue. my credit card bill shows a foreign transaction fee for a purchase I made domestically. This is affecting my daily life.,credit_card_billing
This is my third complaint about this issue. my debit card got stuck in the ATM slot. It won't come out and the screen has gone blank. I'm considering switching banks over this.,debit_card_atm
I'm contacting you because i tried to use my credit card at IKEA but it was declined without any reason.,credit_card_declined
This is my third complaint about this issue. i keep requesting OTP but it never arrives. I've checked my signal and SMS inbox. I expect a response within 24 hours.,mobile_app_otp
"Dear support team, eTC card auto reload failed multiple times this month, leaving me unable to use the highway.",etc_card_topup
The app freezes for 5 minutes every time I try to view my credit card bill.,mobile_app_crash
I've been a loyal customer for years and now oTP is not being sent to my registered mobile number 790-780-3884x17664. I cannot complete my login. This is affecting my daily life.,mobile_app_otp
"This is my third complaint about this issue. my savings account balance dropped by RM 1,900.64 overnight with no transaction showing on my statement. I'm considering switching banks over this.",account_balance
I need urgent help — aTM dispensed short of the requested amount but debited my account for the full amount. I'm considering switching banks over this.,debit_card_atm
I'm contacting you because i attempted an urgent bank transfer but the app gave an error and I cannot see if it went through. Please resolve this immediately.,mobile_app_transfer
I am extremely frustrated because the app freezes for 5 minutes every time I try to view my credit card bill. This is affecting my daily life.,mobile_app_crash
This is my third complaint about this issue. my credit card ending in 8819 was declined at a Watsons store even though I have available credit. This is affecting my daily life.,credit_card_declined
"My account balance is showing incorrect information. There is RM 4,075.84 missing that I cannot account for.",account_balance
I am extremely frustrated because my account balance shows negative even though I have funds deposited. This looks like a system error. This is affecting my daily life.,account_balance
ATM gave me an error message and kept my card. Transaction reference: TXN-TBGO-120089.,debit_card_atm
"Dear support team, app closes unexpectedly while I'm in the middle of making a payment. Very frustrating. I will escalate to the regulator if this is not resolved.",mobile_app_crash
This is unacceptable. i received a toll violation notice even though my ETC card was properly installed. I will escalate to the regulator if this is not resolved.,etc_card_toll
I am extremely frustrated because my debit card was suddenly blocked. I cannot use it for any transactions.,debit_card_blocked
"Dear support team, the banking app goes completely black and then crashes when I try to access my loan details.",mobile_app_crash
I'm contacting you because online top-up for my ETC card failed but the payment was debited from my bank account. I'm considering switching banks over this.,etc_card_topup
I'm contacting you because i couldn't pay my hotel bill because your credit card was declined. This caused serious embarrassment.,credit_card_declined
I've been a loyal customer for years and now i tried to reload my ETC card at a top-up kiosk and it rejected my debit card. This is affecting my daily life.,etc_card_topup
"Hi, I'm writing to complain that aTM withdrew money from my account but dispensed the wrong amount. I will escalate to the regulator if this is not resolved.",debit_card_atm
This is unacceptable. internet banking is not loading on my computer. I need to transfer funds urgently. Please resolve this immediately.,online_banking_access
I am extremely frustrated because mobile app is unresponsive after I switch between accounts. I have to reinstall it every time. This is affecting my daily life.,mobile_app_crash
I am extremely frustrated because the fingerprint login on my banking app suddenly stopped working. I cannot get into my account at all.,mobile_app_login
This is unacceptable. online banking login page is down. I've tried multiple browsers and devices. Please resolve this immediately.,online_banking_access
I need urgent help — aTM dispensed short of the requested amount but debited my account for the full amount. I expect a response within 24 hours.,debit_card_atm
The ATM near Mont Kiara is broken and captured my debit card. Please retrieve it urgently.,debit_card_atm
"Dear support team, credit card is being declined for international online purchases. Please check if international transactions are blocked. I will escalate to the regulator if this is not resolved.",credit_card_declined
This is unacceptable. i tried to use my credit card at Shopee but it was declined without any reason.,credit_card_declined
"Dear support team, i inserted my debit card in your ATM and it got stuck. The machine ate my card.",debit_card_atm
I'm contacting you because eTC card transponder seems to have failed. I'm getting error beeps at every toll plaza. This is affecting my daily life.,etc_card_toll
I cannot use my debit card online. It's being declined for all internet purchases. I'm considering switching banks over this.,debit_card_blocked
Mobile app is unresponsive after I switch between accounts. I have to reinstall it every time.,mobile_app_crash
This is unacceptable. credit card declined for a recurring subscription payment I've been making for 2 years.,credit_card_declined
"Hi, I'm writing to complain that i couldn't pay my hotel bill because your credit card was declined. This caused serious embarrassment. I will escalate to the regulator if this is not resolved.",credit_card_declined
Top-up transaction for my ETC card is showing 'processing' for 48 hours with no update.,etc_card_topup
App is stuck on the loading screen after I enter my login details. This has happened for two days straight. This is affecting my daily life.,mobile_app_login
I am extremely frustrated because aTM dispensed short of the requested amount but debited my account for the full amount. Please resolve this immediately.,debit_card_atm
I've been a loyal customer for years and now i've noticed regular small debits from my account that I don't recognize. Possible fraud.,account_balance
"Dear support team, i'm getting 'Session expired' error right after I log in. Cannot stay logged into the app. I'm considering switching banks over this.",mobile_app_login
"Dear support team, the toll system said my ETC card was invalid even though it's registered and topped up. This is affecting my daily life.",etc_card_toll
"Dear support team, my card was declined for a small transaction of RM 2,718.73. This makes no sense given my credit limit.",credit_card_declined
"Hi, I'm writing to complain that i cannot access your internet banking portal. The website keeps showing a '503 Service Unavailable' error. This is affecting my daily life.",online_banking_access
"Every time I try to log into the PrimeBank app, it shows an error code 3144 and kicks me out. I'm considering switching banks over this.",mobile_app_login
I need urgent help — my debit card was blocked after one failed PIN attempt. This is very inconvenient. I expect a response within 24 hours.,debit_card_blocked
I was fined for not paying toll because my ETC card wasn't recognized. Please help. I will escalate to the regulator if this is not resolved.,etc_card_toll
"I've been a loyal customer for years and now i tried to withdraw RM 2,951.82 from the ATM but it failed and I was still charged.",debit_card_atm
The banking app goes completely black and then crashes when I try to access my loan details. Please resolve this immediately.,mobile_app_crash
I'm contacting you because i cannot access your internet banking portal. The website keeps showing a '503 Service Unavailable' error.,online_banking_access
This is my third complaint about this issue. i tried to use my CitiCore Bank debit card and got a 'Card restricted' message. I haven't done anything wrong. I will escalate to the regulator if this is not resolved.,debit_card_blocked
Your mobile banking app crashes every time I try to open it on my Huawei P60. This is affecting my daily life.,mobile_app_crash
"Hi, I'm writing to complain that my credit card keeps getting declined even though I paid off the full balance last week.",credit_card_declined
"Dear support team, i'm experiencing constant app crashes on my Pixel 8. The app is unusable right now. I'm considering switching banks over this.",mobile_app_crash
This is unacceptable. debit card shows as frozen in the app but I didn't freeze it. Please unblock it. This is affecting my daily life.,debit_card_blocked
"Dear support team, my credit card transaction was declined at a supermarket. I had more than enough credit available. I will escalate to the regulator if this is not resolved.",credit_card_declined
This is unacceptable. i tried to use my PrimeBank debit card and got a 'Card restricted' message. I haven't done anything wrong. I will escalate to the regulator if this is not resolved.,debit_card_blocked
"Hi, I'm writing to complain that oTP verification keeps failing. The code you send doesn't match what the app expects.",mobile_app_otp
I am extremely frustrated because there is an unknown charge from a merchant I've never heard of on my credit card bill. I'm considering switching banks over this.,credit_card_billing
I've been a loyal customer for years and now credit card declined for a recurring subscription payment I've been making for 2 years.,credit_card_declined
I've been waiting 3 days for an ETC top-up to reflect on my card. Customer service is not helping. Please resolve this immediately.,etc_card_topup
There are duplicate debits on my account that don't match any transaction I made.,account_balance
I've requested OTP 10 times in the last hour and haven't received a single one. I expect a response within 24 hours.,mobile_app_otp
My debit card was blocked overnight. I need it for daily expenses and this is causing hardship. I expect a response within 24 hours.,debit_card_blocked
I am extremely frustrated because aTM withdrew money from my account but dispensed the wrong amount. This is affecting my daily life.,debit_card_atm
My ETC card was not recognized at the toll booth on the highway today.,etc_card_toll
I need urgent help — my debit card was blocked after one failed PIN attempt. This is very inconvenient. I'm considering switching banks over this.,debit_card_blocked
"Hi, I'm writing to complain that sMS OTP is going to my old phone number even after I updated it in the app.",mobile_app_otp
I've been a loyal customer for years and now app crashes when I try to upload a photo of my check for mobile deposit. I expect a response within 24 hours.,mobile_app_crash
I see a charge of RM 973.67 on my credit card statement that I did not authorize.,credit_card_billing
"Hi, I'm writing to complain that credit card declined for an online purchase of RM 4,177.87. My card is active and not expired.",credit_card_declined
"Dear support team, eTC card works at some toll booths but not others. Inconsistent behavior is causing issues. I'm considering switching banks over this.",etc_card_toll
"I've been a loyal customer for years and now my savings account balance dropped by RM 4,363.49 overnight with no transaction showing on my statement.",account_balance
This is unacceptable. credit card is being declined for international online purchases. Please check if international transactions are blocked. I expect a response within 24 hours.,credit_card_declined
I am extremely frustrated because fund transfer on the mobile banking app shows 'Pending' for over 24 hours. The amount has been deducted. This is affecting my daily life.,mobile_app_transfer
"Dear support team, credit card declined for a recurring subscription payment I've been making for 2 years. I will escalate to the regulator if this is not resolved.",credit_card_declined
I've been a loyal customer for years and now i was charged for an ATM withdrawal that never happened. The machine malfunctioned.,debit_card_atm
"Dear support team, mobile app transfer failed midway. The money left my account but the recipient didn't receive it. Please resolve this immediately.",mobile_app_transfer
I need urgent help — i'm not getting 2FA codes via your banking app. My phone number is correct in your system. This is affecting my daily life.,mobile_app_otp
"Dear support team, i keep getting 'Card declined' error when using my credit card for contactless payments. Please resolve this immediately.",credit_card_declined
"Hi, I'm writing to complain that my ETC card was not recognized at the toll booth on the highway today. Please resolve this immediately.",etc_card_toll
I couldn't pay my hotel bill because your credit card was declined. This caused serious embarrassment. I will escalate to the regulator if this is not resolved.,credit_card_declined
I am extremely frustrated because aTM withdrew money from my account but dispensed the wrong amount. I expect a response within 24 hours.,debit_card_atm
This is my third complaint about this issue. i was charged for an ATM withdrawal that never happened. The machine malfunctioned.,debit_card_atm
"Dear support team, my new debit card was blocked before I even activated it. I cannot make any purchases.",debit_card_blocked
This is unacceptable. i was charged for an ATM withdrawal that never happened. The machine malfunctioned.,debit_card_atm
This is unacceptable. oTP is not being sent to my registered mobile number (531)596-3683x5079. I cannot complete my login. Please resolve this immediately.,mobile_app_otp
This is my third complaint about this issue. eTC card auto top-up feature stopped working. My card balance is zero and I can't pay tolls. I'm considering switching banks over this.,etc_card_topup
"I've been a loyal customer for years and now i'm embarrassed — my MegaBank credit card was declined in front of everyone at the restaurant, even with sufficient credit limit. I expect a response within 24 hours.",credit_card_declined
I am extremely frustrated because cannot sign into mobile banking — it keeps asking me to re-register my device even though I've done it multiple times. I will escalate to the regulator if this is not resolved.,mobile_app_login
This is my third complaint about this issue. eTC card transponder seems to have failed. I'm getting error beeps at every toll plaza.,etc_card_toll
I've been a loyal customer for years and now i'm not receiving the OTP SMS needed to complete my transaction. I've been waiting 30 minutes. I will escalate to the regulator if this is not resolved.,mobile_app_otp
I've noticed regular small debits from my account that I don't recognize. Possible fraud. I will escalate to the regulator if this is not resolved.,account_balance
I'm contacting you because the toll plaza scanner rejected my ETC card three times. I had to pay cash as a result. Please resolve this immediately.,etc_card_toll
I'm contacting you because transfer limit in the mobile app was changed without my consent. Now I cannot send large amounts.,mobile_app_transfer
I've requested OTP 10 times in the last hour and haven't received a single one. I will escalate to the regulator if this is not resolved.,mobile_app_otp
This is unacceptable. oTP verification keeps failing. The code you send doesn't match what the app expects. I will escalate to the regulator if this is not resolved.,mobile_app_otp
"I need urgent help — aTM swallowed my debit card and didn't dispense the RM 3,508.50 I requested. I will escalate to the regulator if this is not resolved.",debit_card_atm
"Hi, I'm writing to complain that the app crashes after the latest update v8.2.2. Please fix this urgently.",mobile_app_crash
I need urgent help — i was charged for an ATM withdrawal that never happened. The machine malfunctioned. This is affecting my daily life.,debit_card_atm
I've been a loyal customer for years and now the banking app on my Pixel 8 won't let me sign in. I've tried resetting my password three times but the login still fails. This is affecting my daily life.,mobile_app_login
I've been waiting 3 days for an ETC top-up to reflect on my card. Customer service is not helping.,etc_card_topup
"I'm contacting you because i'm embarrassed — my PrimeBank credit card was declined in front of everyone at the restaurant, even with sufficient credit limit. I'm considering switching banks over this.",credit_card_declined
I need urgent help — i keep getting 'Card declined' error when using my credit card for contactless payments.,credit_card_declined
I keep getting 'Card declined' error when using my credit card for contactless payments.,credit_card_declined
I've been a loyal customer for years and now i tried to top up my ETC card via the mobile app but the top-up failed and money was deducted.,etc_card_topup
"Dear support team, i inserted my debit card in your ATM and it got stuck. The machine ate my card. I will escalate to the regulator if this is not resolved.",debit_card_atm
App closes unexpectedly while I'm in the middle of making a payment. Very frustrating. Please resolve this immediately.,mobile_app_crash
I've been a loyal customer for years and now my debit card got stuck in the ATM slot. It won't come out and the screen has gone blank.,debit_card_atm
I'm contacting you because my ETC card was not recognized at the toll booth on the highway today. Please resolve this immediately.,etc_card_toll
I am extremely frustrated because i'm not getting 2FA codes via your banking app. My phone number is correct in your system. I'm considering switching banks over this.,mobile_app_otp
This is my third complaint about this issue. the online banking portal redirects me to an error page every time I try to log in.,online_banking_access
There are duplicate debits on my account that don't match any transaction I made. This is affecting my daily life.,account_balance
"Dear support team, online banking shows my old address and I cannot update my profile. The save button is broken. Please resolve this immediately.",online_banking_access
I need urgent help — i was billed twice for the same transaction at Starbucks on my credit card. I expect a response within 24 hours.,credit_card_billing
I am extremely frustrated because my debit card was suddenly blocked. I cannot use it for any transactions.,debit_card_blocked
I am extremely frustrated because oTP verification keeps failing. The code you send doesn't match what the app expects.,mobile_app_otp
"Dear support team, the app asks for my password then immediately freezes. I have to force close it and start over.",mobile_app_login
I'm contacting you because online banking dashboard shows all zeros — my accounts and transactions are not displaying. Please resolve this immediately.,online_banking_access
Your bank's website certificate has expired and my browser won't let me access online banking. Please resolve this immediately.,online_banking_access
"Dear support team, oTP is not being sent to my registered mobile number 605-881-8775. I cannot complete my login.",mobile_app_otp
This is my third complaint about this issue. your internet banking website is extremely slow and times out before I can complete any transaction. This is affecting my daily life.,online_banking_access
The bank blocked my debit card without sending me a notification or reason. This is affecting my daily life.,debit_card_blocked
I am extremely frustrated because i'm experiencing constant app crashes on my Samsung Galaxy S24. The app is unusable right now. This is affecting my daily life.,mobile_app_crash
The one-time password your app sends has already expired by the time I receive it on my phone.,mobile_app_otp
This is my third complaint about this issue. i couldn't pay my hotel bill because your credit card was declined. This caused serious embarrassment. Please resolve this immediately.,credit_card_declined
I'm contacting you because transfer limit in the mobile app was changed without my consent. Now I cannot send large amounts. Please resolve this immediately.,mobile_app_transfer
This is my third complaint about this issue. app shows transfer was successful but my recipient's bank says no funds received.,mobile_app_transfer
This is unacceptable. i received a toll violation notice even though my ETC card was properly installed. Please resolve this immediately.,etc_card_toll
I need urgent help — fund transfer on the mobile banking app shows 'Pending' for over 24 hours. The amount has been deducted. I will escalate to the regulator if this is not resolved.,mobile_app_transfer
I've been a loyal customer for years and now there are duplicate debits on my account that don't match any transaction I made. I will escalate to the regulator if this is not resolved.,account_balance
"I need urgent help — my OTP SMS is arriving 20 minutes late, causing the code to expire before I can use it.",mobile_app_otp
"Dear support team, i'm getting 'Transaction declined' when trying to transfer funds, but my balance is sufficient. Please resolve this immediately.",mobile_app_transfer
This is my third complaint about this issue. online top-up for my ETC card failed but the payment was debited from my bank account.,etc_card_topup
My debit card was blocked overnight. I need it for daily expenses and this is causing hardship. I expect a response within 24 hours.,debit_card_blocked
I am extremely frustrated because transfer limit in the mobile app was changed without my consent. Now I cannot send large amounts. This is affecting my daily life.,mobile_app_transfer
This is unacceptable. i was fined for not paying toll because my ETC card wasn't recognized. Please help. I'm considering switching banks over this.,etc_card_toll
I've been a loyal customer for years and now i'm experiencing constant app crashes on my Pixel 8. The app is unusable right now.,mobile_app_crash
I need urgent help — my account balance shows negative even though I have funds deposited. This looks like a system error. I'm considering switching banks over this.,account_balance
I'm contacting you because eTC card transponder seems to have failed. I'm getting error beeps at every toll plaza.,etc_card_toll
The Unified Bank app freezes whenever I navigate to the transaction history page. I have to restart my phone.,mobile_app_crash
I tried to use my CitiCore Bank debit card and got a 'Card restricted' message. I haven't done anything wrong. Please resolve this immediately.,debit_card_blocked
The bank blocked my debit card without sending me a notification or reason. Please resolve this immediately.,debit_card_blocked
I am extremely frustrated because credit card reward points were deducted from my account without my knowledge. This is affecting my daily life.,credit_card_billing
"Your mobile app login page just spins and never loads. I've been unable to access my account since January 16, 2026.",mobile_app_login
I am extremely frustrated because banking app keeps crashing after I tap on 'View Statement'. Other features work fine. Please resolve this immediately.,mobile_app_crash
Your internet banking website is extremely slow and times out before I can complete any transaction. I expect a response within 24 hours.,online_banking_access
I keep getting 'Card declined' error when using my credit card for contactless payments. I will escalate to the regulator if this is not resolved.,credit_card_declined
"I need urgent help — i tried to transfer RM 1,630.90 to my savings account via the mobile app but the transaction failed and the money is gone. Please resolve this immediately.",mobile_app_transfer
ETC card works at some toll booths but not others. Inconsistent behavior is causing issues.,etc_card_toll
This is my third complaint about this issue. i keep getting 'Card declined' error when using my credit card for contactless payments. I'm considering switching banks over this.,credit_card_declined
I've been a loyal customer for years and now eTC card works at some toll booths but not others. Inconsistent behavior is causing issues. This is affecting my daily life.,etc_card_toll
"Dear support team, credit card is being declined for international online purchases. Please check if international transactions are blocked.",credit_card_declined
I need urgent help — i updated the app last night and now I can't log in. The screen goes blank after I enter my credentials. I will escalate to the regulator if this is not resolved.,mobile_app_login
I've been a loyal customer for years and now transfer limit in the mobile app was changed without my consent. Now I cannot send large amounts. I'm considering switching banks over this.,mobile_app_transfer
This is unacceptable. i returned a product but the refund hasn't appeared on my credit card statement after 3 weeks.,credit_card_billing
"Hi, I'm writing to complain that i transferred money in but my account balance hasn't updated. The funds seem to have disappeared.",account_balance
"I am extremely frustrated because aTM swallowed my debit card and didn't dispense the RM 4,579.77 I requested. I will escalate to the regulator if this is not resolved.",debit_card_atm
I am extremely frustrated because credit card is being declined for international online purchases. Please check if international transactions are blocked.,credit_card_declined
"I'm contacting you because my OTP SMS is arriving 20 minutes late, causing the code to expire before I can use it. I expect a response within 24 hours.",mobile_app_otp
Credit card reward points were deducted from my account without my knowledge.,credit_card_billing
I've been a loyal customer for years and now eTC card auto top-up feature stopped working. My card balance is zero and I can't pay tolls. I expect a response within 24 hours.,etc_card_topup
"I've been a loyal customer for years and now my savings account balance dropped by RM 3,643.95 overnight with no transaction showing on my statement. I'm considering switching banks over this.",account_balance
This is unacceptable. my new debit card was blocked before I even activated it. I cannot make any purchases.,debit_card_blocked
I'm contacting you because the authentication code you sent is 6 digits but the app field only accepts 4 digits. Please resolve this immediately.,mobile_app_otp
I'm contacting you because i attempted an urgent bank transfer but the app gave an error and I cannot see if it went through. I'm considering switching banks over this.,mobile_app_transfer
This is my third complaint about this issue. the interbank transfer feature in your app has been broken for 3 days. I urgently need to move funds. I expect a response within 24 hours.,mobile_app_transfer
"I've been a loyal customer for years and now i drove through the toll lane and the ETC system didn't detect my card, causing a fine. I expect a response within 24 hours.",etc_card_toll
I need urgent help — the ATM shows my transaction was successful but didn't give me the cash. Please resolve this immediately.,debit_card_atm
I am extremely frustrated because i cannot use my debit card online. It's being declined for all internet purchases.,debit_card_blocked
I need urgent help — my ETC card is not being detected at any toll booth since yesterday. I'm considering switching banks over this.,etc_card_toll
I'm not getting 2FA codes via your banking app. My phone number is correct in your system. This is affecting my daily life.,mobile_app_otp
I am extremely frustrated because i've been waiting 3 days for an ETC top-up to reflect on my card. Customer service is not helping.,etc_card_topup
I'm contacting you because the one-time password your app sends has already expired by the time I receive it on my phone.,mobile_app_otp
"Dear support team, i'm not getting 2FA codes via your banking app. My phone number is correct in your system. Please resolve this immediately.",mobile_app_otp
I received a toll violation notice even though my ETC card was properly installed. I expect a response within 24 hours.,etc_card_toll
I need urgent help — transfer limit in the mobile app was changed without my consent. Now I cannot send large amounts. I'm considering switching banks over this.,mobile_app_transfer
My account shows a credit reversal that I never initiated. Balance is now lower than expected. I will escalate to the regulator if this is not resolved.,account_balance
"Hi, I'm writing to complain that i tried to top up my ETC card via the mobile app but the top-up failed and money was deducted.",etc_card_topup
This is my third complaint about this issue. mobile banking app doubled my transfer — debited my account twice for a single transaction.,mobile_app_transfer
This is my third complaint about this issue. my ETC card always worked before but suddenly stopped being recognized at toll gates.,etc_card_toll
This is my third complaint about this issue. mobile app keeps logging me out immediately after I sign in. This is happening on my OnePlus 12. I will escalate to the regulator if this is not resolved.,mobile_app_login
I did a balance inquiry at the ATM and it showed a lower balance than what's in my account. I'm considering switching banks over this.,debit_card_atm
I've been a loyal customer for years and now online top-up for my ETC card failed but the payment was debited from my bank account. I expect a response within 24 hours.,etc_card_topup
I've been a loyal customer for years and now top-up transaction for my ETC card is showing 'processing' for 48 hours with no update. Please resolve this immediately.,etc_card_topup
OTP verification keeps failing. The code you send doesn't match what the app expects.,mobile_app_otp
I'm contacting you because mobile app transfer failed midway. The money left my account but the recipient didn't receive it. I will escalate to the regulator if this is not resolved.,mobile_app_transfer
I am extremely frustrated because my credit card statement shows a late fee even though I paid the minimum amount on time.,credit_card_billing
"Hi, I'm writing to complain that eTC card transponder seems to have failed. I'm getting error beeps at every toll plaza. I'm considering switching banks over this.",etc_card_toll
I've been a loyal customer for years and now aTM dispensed short of the requested amount but debited my account for the full amount.,debit_card_atm
I'm contacting you because i cannot set a beneficiary in the mobile app to make a transfer. The 'Add Payee' button doesn't work. I will escalate to the regulator if this is not resolved.,mobile_app_transfer
"Hi, I'm writing to complain that the banking app on my OnePlus 12 won't let me sign in. I've tried resetting my password three times but the login still fails. I'm considering switching banks over this.",mobile_app_login
The authentication code you sent is 6 digits but the app field only accepts 4 digits.,mobile_app_otp
"I've been a loyal customer for years and now my card was declined for a small transaction of RM 2,891.82. This makes no sense given my credit limit. I will escalate to the regulator if this is not resolved.",credit_card_declined
This is unacceptable. my debit card got stuck in the ATM slot. It won't come out and the screen has gone blank. Please resolve this immediately.,debit_card_atm
I need urgent help — i keep getting 'Card declined' error when using my credit card for contactless payments. I expect a response within 24 hours.,credit_card_declined
"Dear support team, i keep getting 'Card declined' error when using my credit card for contactless payments.",credit_card_declined
My ETC card is not being detected at any toll booth since yesterday. I expect a response within 24 hours.,etc_card_toll
I've been a loyal customer for years and now i've requested OTP 10 times in the last hour and haven't received a single one.,mobile_app_otp
I cannot use my debit card online. It's being declined for all internet purchases.,debit_card_blocked
I need urgent help — the transfer confirmation page in the app keeps refreshing without completing the transaction. This is affecting my daily life.,mobile_app_transfer
This is unacceptable. eTC card works at some toll booths but not others. Inconsistent behavior is causing issues. I expect a response within 24 hours.,etc_card_toll
I am extremely frustrated because i tried to use my CitiCore Bank debit card and got a 'Card restricted' message. I haven't done anything wrong.,debit_card_blocked
I've been a loyal customer for years and now i tried to use my TrustBank debit card and got a 'Card restricted' message. I haven't done anything wrong. Please resolve this immediately.,debit_card_blocked
This is my third complaint about this issue. i was fined for not paying toll because my ETC card wasn't recognized. Please help. I expect a response within 24 hours.,etc_card_toll
"Hi, I'm writing to complain that i did a balance inquiry at the ATM and it showed a lower balance than what's in my account.",debit_card_atm
The fingerprint login on my banking app suddenly stopped working. I cannot get into my account at all.,mobile_app_login
"This is unacceptable. every time I try to log into the MegaBank app, it shows an error code 4048 and kicks me out. This is affecting my daily life.",mobile_app_login
I've been a loyal customer for years and now app crashes when I try to upload a photo of my check for mobile deposit. I will escalate to the regulator if this is not resolved.,mobile_app_crash
This is unacceptable. i'm unable to reset my online banking password. The 'Forgot Password' link doesn't work.,online_banking_access
I'm contacting you because sMS OTP is going to my old phone number even after I updated it in the app.,mobile_app_otp
My credit card statement shows a late fee even though I paid the minimum amount on time. I will escalate to the regulator if this is not resolved.,credit_card_billing
I need urgent help — i keep requesting OTP but it never arrives. I've checked my signal and SMS inbox. I'm considering switching banks over this.,mobile_app_otp
I've been a loyal customer for years and now i'm getting 'Session expired' error right after I log in. Cannot stay logged into the app. Please resolve this immediately.,mobile_app_login
This is unacceptable. i successfully log into online banking but all menu options are greyed out and unclickable.,online_banking_access
"Hi, I'm writing to complain that app crashes when I try to upload a photo of my check for mobile deposit. I'm considering switching banks over this.",mobile_app_crash
"Dear support team, i've noticed regular small debits from my account that I don't recognize. Possible fraud. Please resolve this immediately.",account_balance
I'm contacting you because my debit card works at ATMs but is declined at POS terminals in shops.,debit_card_blocked
I'm contacting you because your bank's website certificate has expired and my browser won't let me access online banking.,online_banking_access
I need urgent help — the MegaBank app freezes whenever I navigate to the transaction history page. I have to restart my phone. I will escalate to the regulator if this is not resolved.,mobile_app_crash
I'm locked out of online banking after too many incorrect password attempts. Please reset my access.,online_banking_access
I need urgent help — the transfer confirmation page in the app keeps refreshing without completing the transaction. I'm considering switching banks over this.,mobile_app_transfer
The ATM shows my transaction was successful but didn't give me the cash. I expect a response within 24 hours.,debit_card_atm
My ETC card top-up hasn't been credited even after 39 hours. Transaction reference: TXN-TUUZ-155552.,etc_card_topup
I'm contacting you because the NexBank app freezes whenever I navigate to the transaction history page. I have to restart my phone. I will escalate to the regulator if this is not resolved.,mobile_app_crash
"Dear support team, the interbank transfer feature in your app has been broken for 3 days. I urgently need to move funds. Please resolve this immediately.",mobile_app_transfer
I'm contacting you because the PrimeBank app freezes whenever I navigate to the transaction history page. I have to restart my phone. I will escalate to the regulator if this is not resolved.,mobile_app_crash
"Hi, I'm writing to complain that i was fined for not paying toll because my ETC card wasn't recognized. Please help. I'm considering switching banks over this.",etc_card_toll
"Dear support team, login button is not responding on the mobile banking app. I've tapped it dozens of times. I will escalate to the regulator if this is not resolved.",mobile_app_login
This is unacceptable. online banking dashboard shows all zeros — my accounts and transactions are not displaying.,online_banking_access
"I've been a loyal customer for years and now i drove through the toll lane and the ETC system didn't detect my card, causing a fine.",etc_card_toll
"Hi, I'm writing to complain that i was fined for not paying toll because my ETC card wasn't recognized. Please help. I expect a response within 24 hours.",etc_card_toll
My credit card keeps getting declined even though I paid off the full balance last week. I will escalate to the regulator if this is not resolved.,credit_card_declined
"I'm contacting you because eTC card auto reload failed multiple times this month, leaving me unable to use the highway. I expect a response within 24 hours.",etc_card_topup
My debit card got stuck in the ATM slot. It won't come out and the screen has gone blank. This is affecting my daily life.,debit_card_atm
This is unacceptable. debit card declined at ATM even though I entered the correct PIN and have sufficient balance.,debit_card_atm
"Dear support team, i cannot set a beneficiary in the mobile app to make a transfer. The 'Add Payee' button doesn't work.",mobile_app_transfer
I'm contacting you because the banking app goes completely black and then crashes when I try to access my loan details. This is affecting my daily life.,mobile_app_crash
I am extremely frustrated because i couldn't pay my hotel bill because your credit card was declined. This caused serious embarrassment. This is affecting my daily life.,credit_card_declined
"Hi, I'm writing to complain that the 2FA code sent by your bank is always invalid even though I enter it right away.",mobile_app_otp
I've been a loyal customer for years and now i can't find the ETC card top-up option in the banking app anymore. It seems to have disappeared. Please resolve this immediately.,etc_card_topup
This is unacceptable. i tried to top up my ETC card via the mobile app but the top-up failed and money was deducted. Please resolve this immediately.,etc_card_topup
I need urgent help — app crashes when I try to upload a photo of my check for mobile deposit. I'm considering switching banks over this.,mobile_app_crash
This is my third complaint about this issue. i tried to top up my ETC card via the mobile app but the top-up failed and money was deducted. I'm considering switching banks over this.,etc_card_topup
I am extremely frustrated because i was charged for an ATM withdrawal that never happened. The machine malfunctioned. I will escalate to the regulator if this is not resolved.,debit_card_atm
This is unacceptable. my credit card statement shows a late fee even though I paid the minimum amount on time. This is affecting my daily life.,credit_card_billing
I tried to use my MegaBank debit card and got a 'Card restricted' message. I haven't done anything wrong. This is affecting my daily life.,debit_card_blocked
I need urgent help — my credit card ending in 5145 was declined at a IKEA store even though I have available credit.,credit_card_declined
I need urgent help — credit card reward points were deducted from my account without my knowledge. Please resolve this immediately.,credit_card_billing
This is unacceptable. my credit card bill shows a foreign transaction fee for a purchase I made domestically.,credit_card_billing
Online banking shows my old address and I cannot update my profile. The save button is broken. I will escalate to the regulator if this is not resolved.,online_banking_access
I'm not getting 2FA codes via your banking app. My phone number is correct in your system. I will escalate to the regulator if this is not resolved.,mobile_app_otp
This is unacceptable. i was fined for not paying toll because my ETC card wasn't recognized. Please help. I expect a response within 24 hours.,etc_card_toll
I've been a loyal customer for years and now the mobile app is saying my OTP is incorrect even though I'm entering it exactly as received. I'm considering switching banks over this.,mobile_app_otp
My debit card works at ATMs but is declined at POS terminals in shops. This is affecting my daily life.,debit_card_blocked
"Dear support team, i drove through the toll lane and the ETC system didn't detect my card, causing a fine. I will escalate to the regulator if this is not resolved.",etc_card_toll
"Hi, I'm writing to complain that the app crashes after the latest update v8.0.1. Please fix this urgently.",mobile_app_crash
My debit card got stuck in the ATM slot. It won't come out and the screen has gone blank. I will escalate to the regulator if this is not resolved.,debit_card_atm
"Hi, I'm writing to complain that login button is not responding on the mobile banking app. I've tapped it dozens of times. This is affecting my daily life.",mobile_app_login
I've been a loyal customer for years and now i keep getting 'Card declined' error when using my credit card for contactless payments. I will escalate to the regulator if this is not resolved.,credit_card_declined
This is unacceptable. i was charged for an ATM withdrawal that never happened. The machine malfunctioned.,debit_card_atm
"Hi, I'm writing to complain that the banking app on my Samsung Galaxy S24 won't let me sign in. I've tried resetting my password three times but the login still fails.",mobile_app_login
I need urgent help — i transferred money in but my account balance hasn't updated. The funds seem to have disappeared.,account_balance
I am extremely frustrated because eTC card works at some toll booths but not others. Inconsistent behavior is causing issues. This is affecting my daily life.,etc_card_toll
This is my third complaint about this issue. oTP is not being sent to my registered mobile number 423-660-6468x4396. I cannot complete my login. I expect a response within 24 hours.,mobile_app_otp
This is my third complaint about this issue. my debit card was suddenly blocked. I cannot use it for any transactions. I expect a response within 24 hours.,debit_card_blocked
I am extremely frustrated because app crashes when I try to upload a photo of my check for mobile deposit.,mobile_app_crash
"Dear support team, mobile app transfer failed midway. The money left my account but the recipient didn't receive it. I expect a response within 24 hours.",mobile_app_transfer
I'm contacting you because my ETC card was not recognized at the toll booth on the highway today. I expect a response within 24 hours.,etc_card_toll
This is unacceptable. mobile app is unresponsive after I switch between accounts. I have to reinstall it every time. I will escalate to the regulator if this is not resolved.,mobile_app_crash
This is unacceptable. my account shows a credit reversal that I never initiated. Balance is now lower than expected.,account_balance
"I see a charge of RM 4,063.86 on my credit card statement that I did not authorize.",credit_card_billing
I've been a loyal customer for years and now the ATM shows my transaction was successful but didn't give me the cash.,debit_card_atm
"Dear support team, mobile app transfer failed midway. The money left my account but the recipient didn't receive it.",mobile_app_transfer
The banking app on my Pixel 8 won't let me sign in. I've tried resetting my password three times but the login still fails.,mobile_app_login
Credit card declined for an online purchase of RM 222.48. My card is active and not expired. I will escalate to the regulator if this is not resolved.,credit_card_declined
I need urgent help — my salary was credited but an unauthorized debit brought my balance to nearly zero.,account_balance
This is unacceptable. my credit card interest rate was changed without prior notification. My bill is much higher than expected. I expect a response within 24 hours.,credit_card_billing
I am extremely frustrated because i was fined for not paying toll because my ETC card wasn't recognized. Please help.,etc_card_toll
I need urgent help — i was fined for not paying toll because my ETC card wasn't recognized. Please help.,etc_card_toll
"Dear support team, eTC card auto top-up feature stopped working. My card balance is zero and I can't pay tolls. This is affecting my daily life.",etc_card_topup
I've noticed regular small debits from my account that I don't recognize. Possible fraud. I expect a response within 24 hours.,account_balance
I'm contacting you because transfer limit in the mobile app was changed without my consent. Now I cannot send large amounts. This is affecting my daily life.,mobile_app_transfer
"Hi, I'm writing to complain that mobile app transfer failed midway. The money left my account but the recipient didn't receive it.",mobile_app_transfer
I've been a loyal customer for years and now my credit card bill shows a foreign transaction fee for a purchase I made domestically. I will escalate to the regulator if this is not resolved.,credit_card_billing
I need urgent help — sMS OTP is going to my old phone number even after I updated it in the app.,mobile_app_otp
This is my third complaint about this issue. my ETC card registration shows active but the toll system keeps rejecting it.,etc_card_toll
I need urgent help — my salary was credited but an unauthorized debit brought my balance to nearly zero. Please resolve this immediately.,account_balance
I've been a loyal customer for years and now the fingerprint login on my banking app suddenly stopped working. I cannot get into my account at all. I'm considering switching banks over this.,mobile_app_login
This is my third complaint about this issue. cannot sign into mobile banking — it keeps asking me to re-register my device even though I've done it multiple times.,mobile_app_login
This is unacceptable. the toll system said my ETC card was invalid even though it's registered and topped up. This is affecting my daily life.,etc_card_toll
"This is unacceptable. your mobile app login page just spins and never loads. I've been unable to access my account since April 03, 2026.",mobile_app_login
I deposited a cheque 5 days ago but it hasn't appeared in my account balance. I will escalate to the regulator if this is not resolved.,account_balance
This is unacceptable. the toll system said my ETC card was invalid even though it's registered and topped up.,etc_card_toll
"Hi, I'm writing to complain that my salary was credited but an unauthorized debit brought my balance to nearly zero. I will escalate to the regulator if this is not resolved.",account_balance
I am extremely frustrated because my ETC card was not recognized at the toll booth on the highway today.,etc_card_toll
My debit card was suddenly blocked. I cannot use it for any transactions. I expect a response within 24 hours.,debit_card_blocked
This is my third complaint about this issue. i'm not getting 2FA codes via your banking app. My phone number is correct in your system. Please resolve this immediately.,mobile_app_otp
I need urgent help — my debit card got stuck in the ATM slot. It won't come out and the screen has gone blank. Please resolve this immediately.,debit_card_atm
"Dear support team, top-up transaction for my ETC card is showing 'processing' for 48 hours with no update.",etc_card_topup
My credit card was declined when I tried to pay for my flight tickets. This is urgent.,credit_card_declined
I need urgent help — i deposited a cheque 5 days ago but it hasn't appeared in my account balance. This is affecting my daily life.,account_balance
I need urgent help — oTP verification keeps failing. The code you send doesn't match what the app expects. I'm considering switching banks over this.,mobile_app_otp
I tried to use my credit card at Lazada but it was declined without any reason. Please resolve this immediately.,credit_card_declined
Online banking shows my old address and I cannot update my profile. The save button is broken. I'm considering switching banks over this.,online_banking_access
"Dear support team, i tried to top up my ETC card via the mobile app but the top-up failed and money was deducted.",etc_card_topup
I'm contacting you because online banking session times out in 30 seconds even when I'm actively using it.,online_banking_access
Online banking shows my old address and I cannot update my profile. The save button is broken.,online_banking_access
This is my third complaint about this issue. my debit card got stuck in the ATM slot. It won't come out and the screen has gone blank.,debit_card_atm
The 2FA code sent by your bank is always invalid even though I enter it right away.,mobile_app_otp
I am extremely frustrated because my debit card was suddenly blocked. I cannot use it for any transactions. I expect a response within 24 hours.,debit_card_blocked
This is my third complaint about this issue. my salary was credited but an unauthorized debit brought my balance to nearly zero. I will escalate to the regulator if this is not resolved.,account_balance
I'm contacting you because my account shows a credit reversal that I never initiated. Balance is now lower than expected.,account_balance
"I've been a loyal customer for years and now i topped up my ETC card RM 2,525.09 but the toll system still shows zero balance.",etc_card_topup
I've been a loyal customer for years and now app crashes when I try to upload a photo of my check for mobile deposit. This is affecting my daily life.,mobile_app_crash
"ETC card auto reload failed multiple times this month, leaving me unable to use the highway. I expect a response within 24 hours.",etc_card_topup
"Dear support team, i was charged for an ATM withdrawal that never happened. The machine malfunctioned. Please resolve this immediately.",debit_card_atm
I've been a loyal customer for years and now app crashes when I try to upload a photo of my check for mobile deposit.,mobile_app_crash
I am extremely frustrated because i cannot access your internet banking portal. The website keeps showing a '503 Service Unavailable' error. Please resolve this immediately.,online_banking_access
Credit card is being declined for international online purchases. Please check if international transactions are blocked. I will escalate to the regulator if this is not resolved.,credit_card_declined
I've noticed regular small debits from my account that I don't recognize. Possible fraud.,account_balance
"I'm contacting you because eTC card auto reload failed multiple times this month, leaving me unable to use the highway. This is affecting my daily life.",etc_card_topup
"Dear support team, my savings account balance dropped by RM 4,887.03 overnight with no transaction showing on my statement. I will escalate to the regulator if this is not resolved.",account_balance
I've been waiting 3 days for an ETC top-up to reflect on my card. Customer service is not helping.,etc_card_topup
"I topped up my ETC card RM 3,415.70 but the toll system still shows zero balance. I expect a response within 24 hours.",etc_card_topup
My ETC card is not being detected at any toll booth since yesterday. Please resolve this immediately.,etc_card_toll
"Hi, I'm writing to complain that i attempted an urgent bank transfer but the app gave an error and I cannot see if it went through. I expect a response within 24 hours.",mobile_app_transfer
This is unacceptable. app crashes when I try to upload a photo of my check for mobile deposit.,mobile_app_crash
"Dear support team, i keep requesting OTP but it never arrives. I've checked my signal and SMS inbox. I expect a response within 24 hours.",mobile_app_otp
I am extremely frustrated because fund transfer on the mobile banking app shows 'Pending' for over 24 hours. The amount has been deducted. Please resolve this immediately.,mobile_app_transfer
I need urgent help — i cannot log in to your mobile banking app. It keeps saying 'invalid credentials' even though my password is correct. I'm considering switching banks over this.,mobile_app_login
This is my third complaint about this issue. the top-up limit for my ETC card was reduced without notice. I cannot add the amount I need. I expect a response within 24 hours.,etc_card_topup
I'm contacting you because the fingerprint login on my banking app suddenly stopped working. I cannot get into my account at all.,mobile_app_login
"Hi, I'm writing to complain that your mobile app login page just spins and never loads. I've been unable to access my account since February 28, 2026. Please resolve this immediately.",mobile_app_login
I am extremely frustrated because banking app keeps crashing after I tap on 'View Statement'. Other features work fine. Please resolve this immediately.,mobile_app_crash
I am extremely frustrated because aTM gave me an error message and kept my card. Transaction reference: TXN-OSLE-276513. I expect a response within 24 hours.,debit_card_atm
I'm contacting you because my debit card was blocked due to 'suspicious activity' but all transactions were made by me. This is affecting my daily life.,debit_card_blocked
"Dear support team, app shows transfer was successful but my recipient's bank says no funds received. Please resolve this immediately.",mobile_app_transfer
"Hi, I'm writing to complain that the banking app goes completely black and then crashes when I try to access my loan details.",mobile_app_crash
Banking app keeps crashing after I tap on 'View Statement'. Other features work fine. I expect a response within 24 hours.,mobile_app_crash
I'm contacting you because my credit card interest rate was changed without prior notification. My bill is much higher than expected. I expect a response within 24 hours.,credit_card_billing
This is unacceptable. i updated the app last night and now I can't log in. The screen goes blank after I enter my credentials. I will escalate to the regulator if this is not resolved.,mobile_app_login
Fund transfer on the mobile banking app shows 'Pending' for over 24 hours. The amount has been deducted. Please resolve this immediately.,mobile_app_transfer
I need urgent help — the app crashes after the latest update v7.8.8. Please fix this urgently. I'm considering switching banks over this.,mobile_app_crash
The bank blocked my debit card without sending me a notification or reason.,debit_card_blocked
"Hi, I'm writing to complain that my debit card was blocked overnight. I need it for daily expenses and this is causing hardship. I will escalate to the regulator if this is not resolved.",debit_card_blocked
I'm not getting 2FA codes via your banking app. My phone number is correct in your system.,mobile_app_otp
I'm contacting you because the 2FA code sent by your bank is always invalid even though I enter it right away. I expect a response within 24 hours.,mobile_app_otp
The bank blocked my debit card without sending me a notification or reason. This is affecting my daily life.,debit_card_blocked
"I'm contacting you because aTM swallowed my debit card and didn't dispense the RM 1,869.45 I requested. This is affecting my daily life.",debit_card_atm
This is my third complaint about this issue. i attempted an urgent bank transfer but the app gave an error and I cannot see if it went through.,mobile_app_transfer
This is my third complaint about this issue. my debit card was suddenly blocked. I cannot use it for any transactions.,debit_card_blocked
I am extremely frustrated because i attempted an urgent bank transfer but the app gave an error and I cannot see if it went through.,mobile_app_transfer
This is unacceptable. my salary was credited but an unauthorized debit brought my balance to nearly zero.,account_balance
"Hi, I'm writing to complain that the transfer confirmation page in the app keeps refreshing without completing the transaction. I'm considering switching banks over this.",mobile_app_transfer
"I've been a loyal customer for years and now every time I try to log into the NexBank app, it shows an error code 5890 and kicks me out. This is affecting my daily life.",mobile_app_login
I tried to use my credit card at Starbucks but it was declined without any reason. I expect a response within 24 hours.,credit_card_declined
"My savings account balance dropped by RM 3,809.03 overnight with no transaction showing on my statement. I expect a response within 24 hours.",account_balance
I'm contacting you because my account balance shows negative even though I have funds deposited. This looks like a system error.,account_balance
My new debit card was blocked before I even activated it. I cannot make any purchases. Please resolve this immediately.,debit_card_blocked
"Hi, I'm writing to complain that i see charges on my credit card from a date when the card was in my wallet and unused.",credit_card_billing
I transferred money in but my account balance hasn't updated. The funds seem to have disappeared.,account_balance
The transfer confirmation page in the app keeps refreshing without completing the transaction.,mobile_app_transfer
I've been a loyal customer for years and now the app freezes for 5 minutes every time I try to view my credit card bill.,mobile_app_crash
The app asks for my password then immediately freezes. I have to force close it and start over. This is affecting my daily life.,mobile_app_login
I've been waiting 3 days for an ETC top-up to reflect on my card. Customer service is not helping.,etc_card_topup
I've been a loyal customer for years and now i attempted an urgent bank transfer but the app gave an error and I cannot see if it went through. Please resolve this immediately.,mobile_app_transfer
I've been a loyal customer for years and now i've requested OTP 10 times in the last hour and haven't received a single one. This is affecting my daily life.,mobile_app_otp
Banking app keeps crashing after I tap on 'View Statement'. Other features work fine. I expect a response within 24 hours.,mobile_app_crash
I need urgent help — banking app keeps crashing after I tap on 'View Statement'. Other features work fine. I expect a response within 24 hours.,mobile_app_crash
This is unacceptable. i'm not getting 2FA codes via your banking app. My phone number is correct in your system.,mobile_app_otp
"Dear support team, i've noticed regular small debits from my account that I don't recognize. Possible fraud. I expect a response within 24 hours.",account_balance
This is my third complaint about this issue. i received a toll violation notice even though my ETC card was properly installed. Please resolve this immediately.,etc_card_toll
The toll plaza scanner rejected my ETC card three times. I had to pay cash as a result. I'm considering switching banks over this.,etc_card_toll
"Dear support team, my account shows a credit reversal that I never initiated. Balance is now lower than expected. I'm considering switching banks over this.",account_balance
My credit card bill shows a foreign transaction fee for a purchase I made domestically. I expect a response within 24 hours.,credit_card_billing
"Hi, I'm writing to complain that my account balance shows negative even though I have funds deposited. This looks like a system error. I'm considering switching banks over this.",account_balance
I've been a loyal customer for years and now the CitiCore Bank app freezes whenever I navigate to the transaction history page. I have to restart my phone. I expect a response within 24 hours.,mobile_app_crash
"Your mobile app login page just spins and never loads. I've been unable to access my account since January 30, 2026. This is affecting my daily life.",mobile_app_login
I've been a loyal customer for years and now cannot sign into mobile banking — it keeps asking me to re-register my device even though I've done it multiple times.,mobile_app_login
I am extremely frustrated because the fingerprint login on my banking app suddenly stopped working. I cannot get into my account at all. I will escalate to the regulator if this is not resolved.,mobile_app_login
"Hi, I'm writing to complain that online banking shows my old address and I cannot update my profile. The save button is broken. I expect a response within 24 hours.",online_banking_access
"Hi, I'm writing to complain that mobile app transfer failed midway. The money left my account but the recipient didn't receive it. I expect a response within 24 hours.",mobile_app_transfer
"Dear support team, debit card suddenly stopped working. I called customer service but they couldn't explain why. This is affecting my daily life.",debit_card_blocked
Your mobile banking app crashes every time I try to open it on my Samsung Galaxy S24. Please resolve this immediately.,mobile_app_crash
This is my third complaint about this issue. i've noticed regular small debits from my account that I don't recognize. Possible fraud. I will escalate to the regulator if this is not resolved.,account_balance
"I've been a loyal customer for years and now your mobile app login page just spins and never loads. I've been unable to access my account since March 15, 2026.",mobile_app_login
Credit card reward points were deducted from my account without my knowledge. I will escalate to the regulator if this is not resolved.,credit_card_billing
"I can see my pending transactions but they never cleared, and my available balance is wrong. Please resolve this immediately.",account_balance
"My OTP SMS is arriving 20 minutes late, causing the code to expire before I can use it. This is affecting my daily life.",mobile_app_otp
"I am extremely frustrated because i'm getting 'Transaction declined' when trying to transfer funds, but my balance is sufficient. This is affecting my daily life.",mobile_app_transfer
This is unacceptable. aTM withdrew money from my account but dispensed the wrong amount. This is affecting my daily life.,debit_card_atm
I've been a loyal customer for years and now debit card declined at ATM even though I entered the correct PIN and have sufficient balance.,debit_card_atm
"I'm contacting you because aTM swallowed my debit card and didn't dispense the RM 2,725.22 I requested. I expect a response within 24 hours.",debit_card_atm
I am extremely frustrated because i've noticed regular small debits from my account that I don't recognize. Possible fraud. Please resolve this immediately.,account_balance
This is my third complaint about this issue. mobile banking app doubled my transfer — debited my account twice for a single transaction. I will escalate to the regulator if this is not resolved.,mobile_app_transfer
"Dear support team, my credit card keeps getting declined even though I paid off the full balance last week.",credit_card_declined
I've been a loyal customer for years and now aTM withdrew money from my account but dispensed the wrong amount. I will escalate to the regulator if this is not resolved.,debit_card_atm
My account statement shows a different balance than what the ATM and app display.,account_balance
I need urgent help — mobile app is unresponsive after I switch between accounts. I have to reinstall it every time. This is affecting my daily life.,mobile_app_crash
This is unacceptable. login button is not responding on the mobile banking app. I've tapped it dozens of times. I'm considering switching banks over this.,mobile_app_login
This is my third complaint about this issue. i cannot access your internet banking portal. The website keeps showing a '503 Service Unavailable' error. I expect a response within 24 hours.,online_banking_access
"Dear support team, my debit card was suddenly blocked. I cannot use it for any transactions.",debit_card_blocked
I need urgent help — sMS OTP is going to my old phone number even after I updated it in the app. This is affecting my daily life.,mobile_app_otp
"Hi, I'm writing to complain that i transferred money in but my account balance hasn't updated. The funds seem to have disappeared. I'm considering switching banks over this.",account_balance
App is stuck on the loading screen after I enter my login details. This has happened for two days straight. I will escalate to the regulator if this is not resolved.,mobile_app_login
My account statement shows a different balance than what the ATM and app display.,account_balance
I am extremely frustrated because your app has been crashing non-stop since the latest iOS update. Please release a patch. Please resolve this immediately.,mobile_app_crash
Mobile app keeps logging me out immediately after I sign in. This is happening on my Huawei P60.,mobile_app_login
ATM gave me an error message and kept my card. Transaction reference: TXN-BPUM-298038. I expect a response within 24 hours.,debit_card_atm
I'm contacting you because my ETC card always worked before but suddenly stopped being recognized at toll gates.,etc_card_toll
I see a charge of RM 761.60 on my credit card statement that I did not authorize.,credit_card_billing
"Dear support team, eTC card top-up via ATM was successful but the balance on the card wasn't updated. I will escalate to the regulator if this is not resolved.",etc_card_topup
ATM gave me an error message and kept my card. Transaction reference: TXN-YHZO-444401. I will escalate to the regulator if this is not resolved.,debit_card_atm
This is unacceptable. i attempted an urgent bank transfer but the app gave an error and I cannot see if it went through. I will escalate to the regulator if this is not resolved.,mobile_app_transfer
I am extremely frustrated because the banking app on my OnePlus 12 won't let me sign in. I've tried resetting my password three times but the login still fails. Please resolve this immediately.,mobile_app_login
I'm contacting you because there is an unknown charge from a merchant I've never heard of on my credit card bill. Please resolve this immediately.,credit_card_billing
SMS OTP is going to my old phone number even after I updated it in the app.,mobile_app_otp
Mobile app transfer failed midway. The money left my account but the recipient didn't receive it.,mobile_app_transfer
"Hi, I'm writing to complain that cannot sign into mobile banking — it keeps asking me to re-register my device even though I've done it multiple times.",mobile_app_login
I need urgent help — transfer limit in the mobile app was changed without my consent. Now I cannot send large amounts. This is affecting my daily life.,mobile_app_transfer
"Hi, I'm writing to complain that my savings account balance dropped by RM 1,954.28 overnight with no transaction showing on my statement. I'm considering switching banks over this.",account_balance
Top-up transaction for my ETC card is showing 'processing' for 48 hours with no update. I will escalate to the regulator if this is not resolved.,etc_card_topup
I am extremely frustrated because i inserted my debit card in your ATM and it got stuck. The machine ate my card.,debit_card_atm
I am extremely frustrated because my new debit card was blocked before I even activated it. I cannot make any purchases.,debit_card_blocked
"Dear support team, credit card reward points were deducted from my account without my knowledge. I expect a response within 24 hours.",credit_card_billing
"I tried to withdraw RM 2,726.33 from the ATM but it failed and I was still charged.",debit_card_atm
My credit card ending in 2290 was declined at a Starbucks store even though I have available credit. This is affecting my daily life.,credit_card_declined
I am extremely frustrated because i cannot set a beneficiary in the mobile app to make a transfer. The 'Add Payee' button doesn't work. I will escalate to the regulator if this is not resolved.,mobile_app_transfer
Mobile banking app is extremely slow. It takes over 2 minutes to load my account balance.,mobile_app_crash
"Dear support team, app is stuck on the loading screen after I enter my login details. This has happened for two days straight. Please resolve this immediately.",mobile_app_login
This is my third complaint about this issue. eTC card works at some toll booths but not others. Inconsistent behavior is causing issues. Please resolve this immediately.,etc_card_toll
I tried to top up my ETC card via the mobile app but the top-up failed and money was deducted.,etc_card_topup
"Dear support team, my salary was credited but an unauthorized debit brought my balance to nearly zero. Please resolve this immediately.",account_balance
"Dear support team, my debit card works at ATMs but is declined at POS terminals in shops. Please resolve this immediately.",debit_card_blocked
I am extremely frustrated because the bank blocked my debit card without sending me a notification or reason. Please resolve this immediately.,debit_card_blocked
"Dear support team, my OTP SMS is arriving 20 minutes late, causing the code to expire before I can use it.",mobile_app_otp
The toll system said my ETC card was invalid even though it's registered and topped up. I'm considering switching banks over this.,etc_card_toll
I need urgent help — the one-time password your app sends has already expired by the time I receive it on my phone.,mobile_app_otp
ATM withdrew money from my account but dispensed the wrong amount. I expect a response within 24 hours.,debit_card_atm
I am extremely frustrated because the online banking portal redirects me to an error page every time I try to log in. This is affecting my daily life.,online_banking_access
ATM withdrew money from my account but dispensed the wrong amount. I expect a response within 24 hours.,debit_card_atm
"This is my third complaint about this issue. i topped up my ETC card RM 4,968.13 but the toll system still shows zero balance.",etc_card_topup
My ETC card always worked before but suddenly stopped being recognized at toll gates. I expect a response within 24 hours.,etc_card_toll
"Hi, I'm writing to complain that internet banking is not loading on my computer. I need to transfer funds urgently. I'm considering switching banks over this.",online_banking_access
"Dear support team, i can't find the ETC card top-up option in the banking app anymore. It seems to have disappeared.",etc_card_topup
I am extremely frustrated because eTC card transponder seems to have failed. I'm getting error beeps at every toll plaza.,etc_card_toll
"Hi, I'm writing to complain that the ATM shows my transaction was successful but didn't give me the cash. I will escalate to the regulator if this is not resolved.",debit_card_atm
I've been a loyal customer for years and now aTM gave me an error message and kept my card. Transaction reference: TXN-TJSB-762937.,debit_card_atm
I was billed twice for the same transaction at McDonald's on my credit card. I'm considering switching banks over this.,credit_card_billing
"This is my third complaint about this issue. i drove through the toll lane and the ETC system didn't detect my card, causing a fine. This is affecting my daily life.",etc_card_toll
"Dear support team, my OTP SMS is arriving 20 minutes late, causing the code to expire before I can use it. I expect a response within 24 hours.",mobile_app_otp
My fixed deposit maturity amount was not credited to my account on the due date. I expect a response within 24 hours.,account_balance
I've been a loyal customer for years and now the ATM near KLCC is broken and captured my debit card. Please retrieve it urgently.,debit_card_atm
The ATM near Bangsar is broken and captured my debit card. Please retrieve it urgently. Please resolve this immediately.,debit_card_atm
"Dear support team, the 2FA code sent by your bank is always invalid even though I enter it right away. I'm considering switching banks over this.",mobile_app_otp
I've been a loyal customer for years and now aTM gave me an error message and kept my card. Transaction reference: TXN-PHCF-446007.,debit_card_atm
My credit card minimum payment due is incorrect. The calculation doesn't match my statement.,credit_card_billing
I've requested OTP 10 times in the last hour and haven't received a single one. I'm considering switching banks over this.,mobile_app_otp
I'm contacting you because i inserted my debit card in your ATM and it got stuck. The machine ate my card. I will escalate to the regulator if this is not resolved.,debit_card_atm
I need urgent help — my credit card transaction was declined at a supermarket. I had more than enough credit available. This is affecting my daily life.,credit_card_declined
"Hi, I'm writing to complain that the toll system said my ETC card was invalid even though it's registered and topped up. I'm considering switching banks over this.",etc_card_toll
"Dear support team, the top-up limit for my ETC card was reduced without notice. I cannot add the amount I need.",etc_card_topup
"This is unacceptable. eTC card auto reload failed multiple times this month, leaving me unable to use the highway.",etc_card_topup
I cannot set a beneficiary in the mobile app to make a transfer. The 'Add Payee' button doesn't work. I will escalate to the regulator if this is not resolved.,mobile_app_transfer
I tried to top up my ETC card via the mobile app but the top-up failed and money was deducted. I'm considering switching banks over this.,etc_card_topup
I've been a loyal customer for years and now the ATM shows my transaction was successful but didn't give me the cash. Please resolve this immediately.,debit_card_atm
I need urgent help — internet banking is not loading on my computer. I need to transfer funds urgently. Please resolve this immediately.,online_banking_access
"Hi, I'm writing to complain that the app crashes after the latest update v8.5.1. Please fix this urgently.",mobile_app_crash
This is my third complaint about this issue. my fixed deposit maturity amount was not credited to my account on the due date. I expect a response within 24 hours.,account_balance
I am extremely frustrated because i traveled abroad and my debit card was blocked without warning. I have no access to cash.,debit_card_blocked
"Dear support team, the transfer confirmation page in the app keeps refreshing without completing the transaction. I'm considering switching banks over this.",mobile_app_transfer
I'm contacting you because my credit card minimum payment due is incorrect. The calculation doesn't match my statement.,credit_card_billing
This is my third complaint about this issue. my debit card got stuck in the ATM slot. It won't come out and the screen has gone blank.,debit_card_atm
"Dear support team, my debit card got stuck in the ATM slot. It won't come out and the screen has gone blank.",debit_card_atm
"I've been a loyal customer for years and now i'm embarrassed — my Unified Bank credit card was declined in front of everyone at the restaurant, even with sufficient credit limit. I will escalate to the regulator if this is not resolved.",credit_card_declined
"Dear support team, banking app keeps crashing after I tap on 'View Statement'. Other features work fine. Please resolve this immediately.",mobile_app_crash
I'm contacting you because i tried to reload my ETC card at a top-up kiosk and it rejected my debit card.,etc_card_topup
I need urgent help — there is an unknown charge from a merchant I've never heard of on my credit card bill. I will escalate to the regulator if this is not resolved.,credit_card_billing
This is unacceptable. app crashes when I try to upload a photo of my check for mobile deposit.,mobile_app_crash
I've noticed regular small debits from my account that I don't recognize. Possible fraud.,account_balance
I need urgent help — my debit card was blocked overnight. I need it for daily expenses and this is causing hardship. This is affecting my daily life.,debit_card_blocked
"I need urgent help — i topped up my ETC card RM 4,423.77 but the toll system still shows zero balance. I will escalate to the regulator if this is not resolved.",etc_card_topup
This is my third complaint about this issue. i cannot access your internet banking portal. The website keeps showing a '503 Service Unavailable' error. This is affecting my daily life.,online_banking_access
I need urgent help — fund transfer on the mobile banking app shows 'Pending' for over 24 hours. The amount has been deducted. Please resolve this immediately.,mobile_app_transfer
"Dear support team, the online banking portal redirects me to an error page every time I try to log in. I'm considering switching banks over this.",online_banking_access
ETC card top-up via ATM was successful but the balance on the card wasn't updated. I will escalate to the regulator if this is not resolved.,etc_card_topup
"Dear support team, my account balance shows negative even though I have funds deposited. This looks like a system error. I will escalate to the regulator if this is not resolved.",account_balance
The toll system said my ETC card was invalid even though it's registered and topped up.,etc_card_toll
This is my third complaint about this issue. the authentication code you sent is 6 digits but the app field only accepts 4 digits.,mobile_app_otp
App shows transfer was successful but my recipient's bank says no funds received.,mobile_app_transfer
"I've been a loyal customer for years and now i can see my pending transactions but they never cleared, and my available balance is wrong. Please resolve this immediately.",account_balance
"Hi, I'm writing to complain that your mobile banking app crashes every time I try to open it on my Huawei P60. Please resolve this immediately.",mobile_app_crash
I'm contacting you because your mobile banking app crashes every time I try to open it on my Pixel 8.,mobile_app_crash
I need urgent help — i tried to top up my ETC card via the mobile app but the top-up failed and money was deducted. This is affecting my daily life.,etc_card_topup
I am extremely frustrated because your mobile banking app crashes every time I try to open it on my Huawei P60.,mobile_app_crash
I've been a loyal customer for years and now the toll system said my ETC card was invalid even though it's registered and topped up. I expect a response within 24 hours.,etc_card_toll
This is my third complaint about this issue. i'm not receiving the OTP SMS needed to complete my transaction. I've been waiting 30 minutes. Please resolve this immediately.,mobile_app_otp
Login button is not responding on the mobile banking app. I've tapped it dozens of times.,mobile_app_login
This is my third complaint about this issue. internet banking is not loading on my computer. I need to transfer funds urgently.,online_banking_access
My salary was credited but an unauthorized debit brought my balance to nearly zero. I'm considering switching banks over this.,account_balance
This is my third complaint about this issue. online banking session times out in 30 seconds even when I'm actively using it. I will escalate to the regulator if this is not resolved.,online_banking_access
This is unacceptable. i did a balance inquiry at the ATM and it showed a lower balance than what's in my account. Please resolve this immediately.,debit_card_atm
"Hi, I'm writing to complain that the top-up limit for my ETC card was reduced without notice. I cannot add the amount I need. I'm considering switching banks over this.",etc_card_topup
"Dear support team, i transferred money in but my account balance hasn't updated. The funds seem to have disappeared. I'm considering switching banks over this.",account_balance
"Dear support team, my credit card bill shows a foreign transaction fee for a purchase I made domestically. I will escalate to the regulator if this is not resolved.",credit_card_billing
I've been a loyal customer for years and now i tried to reload my ETC card at a top-up kiosk and it rejected my debit card.,etc_card_topup
"Hi, I'm writing to complain that my credit card bill shows a foreign transaction fee for a purchase I made domestically. Please resolve this immediately.",credit_card_billing
"I see a charge of RM 3,408.66 on my credit card statement that I did not authorize. I will escalate to the regulator if this is not resolved.",credit_card_billing
I tried to use my CitiCore Bank debit card and got a 'Card restricted' message. I haven't done anything wrong.,debit_card_blocked
"Dear support team, my credit card statement shows a late fee even though I paid the minimum amount on time. I expect a response within 24 hours.",credit_card_billing
"Dear support team, i'm being charged an annual fee I never agreed to on my credit card account.",credit_card_billing
I've been a loyal customer for years and now the app asks for my password then immediately freezes. I have to force close it and start over. Please resolve this immediately.,mobile_app_login
The app crashes after the latest update v5.2.1. Please fix this urgently.,mobile_app_crash
I've been a loyal customer for years and now i couldn't pay my hotel bill because your credit card was declined. This caused serious embarrassment.,credit_card_declined
I am extremely frustrated because my ETC card top-up hasn't been credited even after 58 hours. Transaction reference: TXN-VPOY-297194. I'm considering switching banks over this.,etc_card_topup
Online top-up for my ETC card failed but the payment was debited from my bank account.,etc_card_topup
I'm contacting you because your mobile banking app crashes every time I try to open it on my Samsung Galaxy S24. Please resolve this immediately.,mobile_app_crash
"Hi, I'm writing to complain that my credit card minimum payment due is incorrect. The calculation doesn't match my statement.",credit_card_billing
I am extremely frustrated because i cannot access your internet banking portal. The website keeps showing a '503 Service Unavailable' error. I'm considering switching banks over this.,online_banking_access
I've been a loyal customer for years and now the interbank transfer feature in your app has been broken for 3 days. I urgently need to move funds.,mobile_app_transfer
"This is my third complaint about this issue. aTM swallowed my debit card and didn't dispense the RM 2,754.51 I requested.",debit_card_atm
Debit card suddenly stopped working. I called customer service but they couldn't explain why. This is affecting my daily life.,debit_card_blocked
This is my third complaint about this issue. i'm being charged an annual fee I never agreed to on my credit card account. I will escalate to the regulator if this is not resolved.,credit_card_billing
"Dear support team, my ETC card top-up hasn't been credited even after 20 hours. Transaction reference: TXN-FNHD-793707.",etc_card_topup
I am extremely frustrated because mobile app transfer failed midway. The money left my account but the recipient didn't receive it.,mobile_app_transfer
"Hi, I'm writing to complain that i couldn't pay my hotel bill because your credit card was declined. This caused serious embarrassment.",credit_card_declined
I'm contacting you because credit card declined for a recurring subscription payment I've been making for 2 years. I'm considering switching banks over this.,credit_card_declined
"Every time I try to log into the CitiCore Bank app, it shows an error code 9486 and kicks me out.",mobile_app_login
This is my third complaint about this issue. the 2FA code sent by your bank is always invalid even though I enter it right away.,mobile_app_otp
This is unacceptable. i'm experiencing constant app crashes on my Samsung Galaxy S24. The app is unusable right now.,mobile_app_crash
I've been a loyal customer for years and now app is stuck on the loading screen after I enter my login details. This has happened for two days straight.,mobile_app_login
Your internet banking website is extremely slow and times out before I can complete any transaction.,online_banking_access
I am extremely frustrated because eTC card works at some toll booths but not others. Inconsistent behavior is causing issues. I'm considering switching banks over this.,etc_card_toll
I am extremely frustrated because i'm unable to reset my online banking password. The 'Forgot Password' link doesn't work. I expect a response within 24 hours.,online_banking_access
"My OTP SMS is arriving 20 minutes late, causing the code to expire before I can use it.",mobile_app_otp
I've been a loyal customer for years and now mobile app is unresponsive after I switch between accounts. I have to reinstall it every time. This is affecting my daily life.,mobile_app_crash
Mobile app transfer failed midway. The money left my account but the recipient didn't receive it.,mobile_app_transfer
This is my third complaint about this issue. my credit card ending in 8728 was declined at a Starbucks store even though I have available credit.,credit_card_declined
"Dear support team, i returned a product but the refund hasn't appeared on my credit card statement after 3 weeks. I expect a response within 24 hours.",credit_card_billing
My account balance is showing incorrect information. There is RM 624.07 missing that I cannot account for.,account_balance
"Dear support team, oTP verification keeps failing. The code you send doesn't match what the app expects. Please resolve this immediately.",mobile_app_otp
Online banking shows my old address and I cannot update my profile. The save button is broken.,online_banking_access
"I've been a loyal customer for years and now my savings account balance dropped by RM 4,318.75 overnight with no transaction showing on my statement.",account_balance
I need urgent help — app shows transfer was successful but my recipient's bank says no funds received. I will escalate to the regulator if this is not resolved.,mobile_app_transfer
This is my third complaint about this issue. your internet banking website is extremely slow and times out before I can complete any transaction. I expect a response within 24 hours.,online_banking_access
"Dear support team, oTP verification keeps failing. The code you send doesn't match what the app expects.",mobile_app_otp
"I'm contacting you because my card was declined for a small transaction of RM 1,508.03. This makes no sense given my credit limit.",credit_card_declined
I need urgent help — my ETC card top-up hasn't been credited even after 33 hours. Transaction reference: TXN-AWHC-131898.,etc_card_topup
Your bank's website certificate has expired and my browser won't let me access online banking. Please resolve this immediately.,online_banking_access
I tried to top up my ETC card via the mobile app but the top-up failed and money was deducted. I expect a response within 24 hours.,etc_card_topup
"Hi, I'm writing to complain that my debit card was blocked after one failed PIN attempt. This is very inconvenient. This is affecting my daily life.",debit_card_blocked
"I need urgent help — i drove through the toll lane and the ETC system didn't detect my card, causing a fine.",etc_card_toll
I've been a loyal customer for years and now i was charged RM 229.49 for a service I cancelled two months ago. Still appearing on my card.,credit_card_billing
I'm contacting you because i deposited a cheque 5 days ago but it hasn't appeared in my account balance. I will escalate to the regulator if this is not resolved.,account_balance
"This is unacceptable. i'm getting 'Transaction declined' when trying to transfer funds, but my balance is sufficient. I expect a response within 24 hours.",mobile_app_transfer
I'm contacting you because your internet banking website is extremely slow and times out before I can complete any transaction. This is affecting my daily life.,online_banking_access
I updated the app last night and now I can't log in. The screen goes blank after I enter my credentials.,mobile_app_login
I'm not receiving the OTP SMS needed to complete my transaction. I've been waiting 30 minutes. I expect a response within 24 hours.,mobile_app_otp
I need urgent help — i've been waiting 3 days for an ETC top-up to reflect on my card. Customer service is not helping. I expect a response within 24 hours.,etc_card_topup
OTP is not being sent to my registered mobile number 259-874-8591x56457. I cannot complete my login. This is affecting my daily life.,mobile_app_otp
This is my third complaint about this issue. i tried to use my credit card at Shell but it was declined without any reason. Please resolve this immediately.,credit_card_declined
The FirstCity Bank app freezes whenever I navigate to the transaction history page. I have to restart my phone.,mobile_app_crash
I am extremely frustrated because i traveled abroad and my debit card was blocked without warning. I have no access to cash. I will escalate to the regulator if this is not resolved.,debit_card_blocked
"Dear support team, app closes unexpectedly while I'm in the middle of making a payment. Very frustrating. I'm considering switching banks over this.",mobile_app_crash
I need urgent help — i updated the app last night and now I can't log in. The screen goes blank after I enter my credentials. This is affecting my daily life.,mobile_app_login
I am extremely frustrated because my new debit card was blocked before I even activated it. I cannot make any purchases. I will escalate to the regulator if this is not resolved.,debit_card_blocked
"Dear support team, eTC card auto reload failed multiple times this month, leaving me unable to use the highway. I'm considering switching banks over this.",etc_card_topup
The interbank transfer feature in your app has been broken for 3 days. I urgently need to move funds.,mobile_app_transfer
"Dear support team, i transferred money in but my account balance hasn't updated. The funds seem to have disappeared.",account_balance
I am extremely frustrated because i cannot log in to your mobile banking app. It keeps saying 'invalid credentials' even though my password is correct.,mobile_app_login
"Dear support team, i attempted an urgent bank transfer but the app gave an error and I cannot see if it went through.",mobile_app_transfer
I am extremely frustrated because my credit card bill shows a foreign transaction fee for a purchase I made domestically. I expect a response within 24 hours.,credit_card_billing
"This is unacceptable. i drove through the toll lane and the ETC system didn't detect my card, causing a fine.",etc_card_toll
"Hi, I'm writing to complain that the mobile app is saying my OTP is incorrect even though I'm entering it exactly as received.",mobile_app_otp
"I'm getting 'Transaction declined' when trying to transfer funds, but my balance is sufficient.",mobile_app_transfer
I need urgent help — my debit card was blocked after one failed PIN attempt. This is very inconvenient. I expect a response within 24 hours.,debit_card_blocked
My debit card was blocked after one failed PIN attempt. This is very inconvenient. This is affecting my daily life.,debit_card_blocked
This is unacceptable. eTC card top-up via ATM was successful but the balance on the card wasn't updated.,etc_card_topup
"This is unacceptable. eTC card auto reload failed multiple times this month, leaving me unable to use the highway.",etc_card_topup
My debit card was blocked overnight. I need it for daily expenses and this is causing hardship. This is affecting my daily life.,debit_card_blocked
"Every time I try to log into the MegaBank app, it shows an error code 6539 and kicks me out. I will escalate to the regulator if this is not resolved.",mobile_app_login
"Dear support team, my debit card was blocked due to 'suspicious activity' but all transactions were made by me. Please resolve this immediately.",debit_card_blocked
I've been a loyal customer for years and now i've requested OTP 10 times in the last hour and haven't received a single one. I will escalate to the regulator if this is not resolved.,mobile_app_otp
"Dear support team, my credit card was declined when I tried to pay for my flight tickets. This is urgent. This is affecting my daily life.",credit_card_declined
"Dear support team, my card was declined for a small transaction of RM 471.77. This makes no sense given my credit limit. I will escalate to the regulator if this is not resolved.",credit_card_declined
I need urgent help — aTM dispensed short of the requested amount but debited my account for the full amount. I expect a response within 24 hours.,debit_card_atm
I am extremely frustrated because your bank's website certificate has expired and my browser won't let me access online banking.,online_banking_access
"Hi, I'm writing to complain that oTP verification keeps failing. The code you send doesn't match what the app expects. Please resolve this immediately.",mobile_app_otp
This is my third complaint about this issue. my account balance shows negative even though I have funds deposited. This looks like a system error. I'm considering switching banks over this.,account_balance
I'm contacting you because my credit card transaction was declined at a supermarket. I had more than enough credit available.,credit_card_declined
I'm contacting you because my salary was credited but an unauthorized debit brought my balance to nearly zero. This is affecting my daily life.,account_balance
The one-time password your app sends has already expired by the time I receive it on my phone. Please resolve this immediately.,mobile_app_otp
App is stuck on the loading screen after I enter my login details. This has happened for two days straight. I will escalate to the regulator if this is not resolved.,mobile_app_login
"I am extremely frustrated because i was charged RM 2,203.08 for a service I cancelled two months ago. Still appearing on my card. I'm considering switching banks over this.",credit_card_billing
I need urgent help — app shows transfer was successful but my recipient's bank says no funds received. I'm considering switching banks over this.,mobile_app_transfer
I'm contacting you because i've noticed regular small debits from my account that I don't recognize. Possible fraud.,account_balance
I successfully log into online banking but all menu options are greyed out and unclickable. I expect a response within 24 hours.,online_banking_access
This is my third complaint about this issue. app crashes when I try to upload a photo of my check for mobile deposit.,mobile_app_crash
This is my third complaint about this issue. the app freezes for 5 minutes every time I try to view my credit card bill. I'm considering switching banks over this.,mobile_app_crash
"Dear support team, i couldn't pay my hotel bill because your credit card was declined. This caused serious embarrassment. I'm considering switching banks over this.",credit_card_declined
This is unacceptable. i can't find the ETC card top-up option in the banking app anymore. It seems to have disappeared.,etc_card_topup
I tried to top up my ETC card via the mobile app but the top-up failed and money was deducted. This is affecting my daily life.,etc_card_topup
Your bank's website certificate has expired and my browser won't let me access online banking.,online_banking_access
Mobile app transfer failed midway. The money left my account but the recipient didn't receive it. I will escalate to the regulator if this is not resolved.,mobile_app_transfer
I am extremely frustrated because my credit card was declined when I tried to pay for my flight tickets. This is urgent. I expect a response within 24 hours.,credit_card_declined
"Hi, I'm writing to complain that my account balance is showing incorrect information. There is RM 1,465.49 missing that I cannot account for.",account_balance
My account shows a credit reversal that I never initiated. Balance is now lower than expected. Please resolve this immediately.,account_balance
The toll plaza scanner rejected my ETC card three times. I had to pay cash as a result.,etc_card_toll
I am extremely frustrated because your app has been crashing non-stop since the latest iOS update. Please release a patch. I will escalate to the regulator if this is not resolved.,mobile_app_crash
"Hi, I'm writing to complain that i was fined for not paying toll because my ETC card wasn't recognized. Please help. I expect a response within 24 hours.",etc_card_toll
I've been a loyal customer for years and now i cannot access your internet banking portal. The website keeps showing a '503 Service Unavailable' error. I expect a response within 24 hours.,online_banking_access
"Hi, I'm writing to complain that i was charged for an ATM withdrawal that never happened. The machine malfunctioned. Please resolve this immediately.",debit_card_atm
"This is unacceptable. i was charged RM 1,527.56 for a service I cancelled two months ago. Still appearing on my card. I expect a response within 24 hours.",credit_card_billing
I keep requesting OTP but it never arrives. I've checked my signal and SMS inbox.,mobile_app_otp
"Hi, I'm writing to complain that my credit card bill shows a foreign transaction fee for a purchase I made domestically.",credit_card_billing
"Hi, I'm writing to complain that my salary was credited but an unauthorized debit brought my balance to nearly zero.",account_balance
"Dear support team, the online banking portal redirects me to an error page every time I try to log in. I'm considering switching banks over this.",online_banking_access
I cannot use my debit card online. It's being declined for all internet purchases. Please resolve this immediately.,debit_card_blocked
"This is unacceptable. i tried to transfer RM 3,182.65 to my savings account via the mobile app but the transaction failed and the money is gone.",mobile_app_transfer
This is my third complaint about this issue. the fingerprint login on my banking app suddenly stopped working. I cannot get into my account at all. This is affecting my daily life.,mobile_app_login
"Dear support team, credit card reward points were deducted from my account without my knowledge. This is affecting my daily life.",credit_card_billing
"Dear support team, my account statement shows a different balance than what the ATM and app display.",account_balance
I've been a loyal customer for years and now mobile app transfer failed midway. The money left my account but the recipient didn't receive it. Please resolve this immediately.,mobile_app_transfer
I'm contacting you because my salary was credited but an unauthorized debit brought my balance to nearly zero. I expect a response within 24 hours.,account_balance
"My savings account balance dropped by RM 3,918.24 overnight with no transaction showing on my statement.",account_balance
This is my third complaint about this issue. aTM dispensed short of the requested amount but debited my account for the full amount.,debit_card_atm
This is unacceptable. i cannot use my debit card online. It's being declined for all internet purchases. I'm considering switching banks over this.,debit_card_blocked
I've been a loyal customer for years and now online banking session times out in 30 seconds even when I'm actively using it.,online_banking_access
I am extremely frustrated because i tried to reload my ETC card at a top-up kiosk and it rejected my debit card.,etc_card_topup
This is unacceptable. online banking dashboard shows all zeros — my accounts and transactions are not displaying. I'm considering switching banks over this.,online_banking_access
"I topped up my ETC card RM 1,460.32 but the toll system still shows zero balance.",etc_card_topup
"Hi, I'm writing to complain that i successfully log into online banking but all menu options are greyed out and unclickable. This is affecting my daily life.",online_banking_access
I cannot use my debit card online. It's being declined for all internet purchases.,debit_card_blocked
I'm contacting you because my debit card got stuck in the ATM slot. It won't come out and the screen has gone blank. Please resolve this immediately.,debit_card_atm
I returned a product but the refund hasn't appeared on my credit card statement after 3 weeks.,credit_card_billing
I've been a loyal customer for years and now i tried to use my credit card at Starbucks but it was declined without any reason.,credit_card_declined
The interbank transfer feature in your app has been broken for 3 days. I urgently need to move funds. I will escalate to the regulator if this is not resolved.,mobile_app_transfer
I see a charge of RM 204.01 on my credit card statement that I did not authorize. I will escalate to the regulator if this is not resolved.,credit_card_billing
This is my third complaint about this issue. my credit card keeps getting declined even though I paid off the full balance last week. I expect a response within 24 hours.,credit_card_declined
I've been a loyal customer for years and now i cannot log in to your mobile banking app. It keeps saying 'invalid credentials' even though my password is correct. I'm considering switching banks over this.,mobile_app_login
I need urgent help — i returned a product but the refund hasn't appeared on my credit card statement after 3 weeks.,credit_card_billing
I need urgent help — i'm getting 'Session expired' error right after I log in. Cannot stay logged into the app.,mobile_app_login
I am extremely frustrated because my credit card minimum payment due is incorrect. The calculation doesn't match my statement. I will escalate to the regulator if this is not resolved.,credit_card_billing
I need urgent help — my debit card was suddenly blocked. I cannot use it for any transactions. I'm considering switching banks over this.,debit_card_blocked
"Hi, I'm writing to complain that online banking dashboard shows all zeros — my accounts and transactions are not displaying.",online_banking_access
"Dear support team, sMS OTP is going to my old phone number even after I updated it in the app.",mobile_app_otp
I'm contacting you because the toll plaza scanner rejected my ETC card three times. I had to pay cash as a result. This is affecting my daily life.,etc_card_toll
"Dear support team, the toll system said my ETC card was invalid even though it's registered and topped up. Please resolve this immediately.",etc_card_toll
"Dear support team, i'm locked out of online banking after too many incorrect password attempts. Please reset my access.",online_banking_access
App shows transfer was successful but my recipient's bank says no funds received. This is affecting my daily life.,mobile_app_transfer
"Hi, I'm writing to complain that i'm not receiving the OTP SMS needed to complete my transaction. I've been waiting 30 minutes. I'm considering switching banks over this.",mobile_app_otp
"This is unacceptable. my OTP SMS is arriving 20 minutes late, causing the code to expire before I can use it. Please resolve this immediately.",mobile_app_otp
"Hi, I'm writing to complain that online banking shows my old address and I cannot update my profile. The save button is broken.",online_banking_access
"Hi, I'm writing to complain that i'm not receiving the OTP SMS needed to complete my transaction. I've been waiting 30 minutes.",mobile_app_otp
I'm contacting you because i returned a product but the refund hasn't appeared on my credit card statement after 3 weeks.,credit_card_billing
I am extremely frustrated because i attempted an urgent bank transfer but the app gave an error and I cannot see if it went through. I'm considering switching banks over this.,mobile_app_transfer
"Dear support team, the banking app goes completely black and then crashes when I try to access my loan details. I will escalate to the regulator if this is not resolved.",mobile_app_crash
"Hi, I'm writing to complain that i'm experiencing constant app crashes on my OnePlus 12. The app is unusable right now.",mobile_app_crash
My credit card statement shows a late fee even though I paid the minimum amount on time. I will escalate to the regulator if this is not resolved.,credit_card_billing
I need urgent help — online banking session times out in 30 seconds even when I'm actively using it.,online_banking_access
I've been a loyal customer for years and now i cannot use my debit card online. It's being declined for all internet purchases. I will escalate to the regulator if this is not resolved.,debit_card_blocked
I am extremely frustrated because debit card declined at ATM even though I entered the correct PIN and have sufficient balance. I expect a response within 24 hours.,debit_card_atm
This is unacceptable. my credit card keeps getting declined even though I paid off the full balance last week. I expect a response within 24 hours.,credit_card_declined
My credit card minimum payment due is incorrect. The calculation doesn't match my statement.,credit_card_billing
I need urgent help — i've noticed regular small debits from my account that I don't recognize. Possible fraud.,account_balance
This is my third complaint about this issue. my salary was credited but an unauthorized debit brought my balance to nearly zero. Please resolve this immediately.,account_balance
I need urgent help — i inserted my debit card in your ATM and it got stuck. The machine ate my card.,debit_card_atm
I am extremely frustrated because cannot sign into mobile banking — it keeps asking me to re-register my device even though I've done it multiple times. I'm considering switching banks over this.,mobile_app_login
I deposited a cheque 5 days ago but it hasn't appeared in my account balance. I will escalate to the regulator if this is not resolved.,account_balance
"Dear support team, transfer limit in the mobile app was changed without my consent. Now I cannot send large amounts.",mobile_app_transfer
This is my third complaint about this issue. i'm unable to reset my online banking password. The 'Forgot Password' link doesn't work. This is affecting my daily life.,online_banking_access
This is unacceptable. i inserted my debit card in your ATM and it got stuck. The machine ate my card.,debit_card_atm
This is my third complaint about this issue. oTP is not being sent to my registered mobile number +1-736-672-7800. I cannot complete my login.,mobile_app_otp
This is unacceptable. the toll system said my ETC card was invalid even though it's registered and topped up.,etc_card_toll
Mobile app is unresponsive after I switch between accounts. I have to reinstall it every time.,mobile_app_crash
I'm getting 'Session expired' error right after I log in. Cannot stay logged into the app. Please resolve this immediately.,mobile_app_login
"I need urgent help — eTC card auto reload failed multiple times this month, leaving me unable to use the highway. Please resolve this immediately.",etc_card_topup
I've been a loyal customer for years and now eTC card top-up via ATM was successful but the balance on the card wasn't updated. This is affecting my daily life.,etc_card_topup
This is my third complaint about this issue. the banking app on my Huawei P60 won't let me sign in. I've tried resetting my password three times but the login still fails. This is affecting my daily life.,mobile_app_login
"Hi, I'm writing to complain that i was fined for not paying toll because my ETC card wasn't recognized. Please help.",etc_card_toll
I'm unable to reset my online banking password. The 'Forgot Password' link doesn't work. I'm considering switching banks over this.,online_banking_access
I am extremely frustrated because i keep getting 'Card declined' error when using my credit card for contactless payments. This is affecting my daily life.,credit_card_declined
This is unacceptable. my credit card keeps getting declined even though I paid off the full balance last week. This is affecting my daily life.,credit_card_declined
App closes unexpectedly while I'm in the middle of making a payment. Very frustrating.,mobile_app_crash
This is unacceptable. i updated the app last night and now I can't log in. The screen goes blank after I enter my credentials.,mobile_app_login
I'm getting 'Session expired' error right after I log in. Cannot stay logged into the app. I expect a response within 24 hours.,mobile_app_login
I am extremely frustrated because i'm locked out of online banking after too many incorrect password attempts. Please reset my access. I'm considering switching banks over this.,online_banking_access
"Hi, I'm writing to complain that my credit card was declined when I tried to pay for my flight tickets. This is urgent.",credit_card_declined
I need urgent help — internet banking is not loading on my computer. I need to transfer funds urgently. I will escalate to the regulator if this is not resolved.,online_banking_access
I'm contacting you because my savings account balance dropped by RM 158.08 overnight with no transaction showing on my statement.,account_balance
The 2FA code sent by your bank is always invalid even though I enter it right away.,mobile_app_otp
"Dear support team, i've been waiting 3 days for an ETC top-up to reflect on my card. Customer service is not helping. I will escalate to the regulator if this is not resolved.",etc_card_topup
App is stuck on the loading screen after I enter my login details. This has happened for two days straight. This is affecting my daily life.,mobile_app_login
I am extremely frustrated because online banking dashboard shows all zeros — my accounts and transactions are not displaying.,online_banking_access
This is my third complaint about this issue. the ATM near Subang is broken and captured my debit card. Please retrieve it urgently. I will escalate to the regulator if this is not resolved.,debit_card_atm
This is unacceptable. i successfully log into online banking but all menu options are greyed out and unclickable. This is affecting my daily life.,online_banking_access
I'm contacting you because i'm unable to make overseas transfers via the app. It keeps timing out at the final step. I will escalate to the regulator if this is not resolved.,mobile_app_transfer
This is my third complaint about this issue. i'm getting 'Session expired' error right after I log in. Cannot stay logged into the app. I will escalate to the regulator if this is not resolved.,mobile_app_login
The CitiCore Bank app freezes whenever I navigate to the transaction history page. I have to restart my phone. I'm considering switching banks over this.,mobile_app_crash
This is unacceptable. the online banking portal redirects me to an error page every time I try to log in. This is affecting my daily life.,online_banking_access
This is unacceptable. the banking app goes completely black and then crashes when I try to access my loan details.,mobile_app_crash
I need urgent help — there is an unknown charge from a merchant I've never heard of on my credit card bill.,credit_card_billing
App is stuck on the loading screen after I enter my login details. This has happened for two days straight. This is affecting my daily life.,mobile_app_login
Mobile banking app doubled my transfer — debited my account twice for a single transaction. Please resolve this immediately.,mobile_app_transfer
I've been a loyal customer for years and now the PrimeBank app freezes whenever I navigate to the transaction history page. I have to restart my phone. Please resolve this immediately.,mobile_app_crash
"Hi, I'm writing to complain that app crashes when I try to upload a photo of my check for mobile deposit. I expect a response within 24 hours.",mobile_app_crash
The authentication code you sent is 6 digits but the app field only accepts 4 digits. I expect a response within 24 hours.,mobile_app_otp
This is unacceptable. your mobile banking app crashes every time I try to open it on my Pixel 8.,mobile_app_crash
I am extremely frustrated because aTM gave me an error message and kept my card. Transaction reference: TXN-IAAI-892566.,debit_card_atm
This is my third complaint about this issue. the app freezes for 5 minutes every time I try to view my credit card bill.,mobile_app_crash
This is my third complaint about this issue. my credit card ending in 6715 was declined at a AEON Mall store even though I have available credit. I expect a response within 24 hours.,credit_card_declined
I need urgent help — my ETC card registration shows active but the toll system keeps rejecting it. I'm considering switching banks over this.,etc_card_toll
I am extremely frustrated because my ETC card registration shows active but the toll system keeps rejecting it. I expect a response within 24 hours.,etc_card_toll
"Hi, I'm writing to complain that top-up transaction for my ETC card is showing 'processing' for 48 hours with no update. This is affecting my daily life.",etc_card_topup
I need urgent help — your app has been crashing non-stop since the latest iOS update. Please release a patch.,mobile_app_crash
This is unacceptable. online top-up for my ETC card failed but the payment was debited from my bank account.,etc_card_topup
Online top-up for my ETC card failed but the payment was debited from my bank account. This is affecting my daily life.,etc_card_topup
"Hi, I'm writing to complain that eTC card top-up via ATM was successful but the balance on the card wasn't updated. Please resolve this immediately.",etc_card_topup
"Hi, I'm writing to complain that my account balance is showing incorrect information. There is RM 3,648.52 missing that I cannot account for. I'm considering switching banks over this.",account_balance
I need urgent help — i tried to reload my ETC card at a top-up kiosk and it rejected my debit card.,etc_card_topup
"Hi, I'm writing to complain that my OTP SMS is arriving 20 minutes late, causing the code to expire before I can use it. This is affecting my daily life.",mobile_app_otp
This is my third complaint about this issue. app closes unexpectedly while I'm in the middle of making a payment. Very frustrating. Please resolve this immediately.,mobile_app_crash
I'm contacting you because there are duplicate debits on my account that don't match any transaction I made.,account_balance
My credit card statement shows a late fee even though I paid the minimum amount on time. This is affecting my daily life.,credit_card_billing
This is my third complaint about this issue. cannot sign into mobile banking — it keeps asking me to re-register my device even though I've done it multiple times. I will escalate to the regulator if this is not resolved.,mobile_app_login
I've been a loyal customer for years and now the transfer confirmation page in the app keeps refreshing without completing the transaction. I will escalate to the regulator if this is not resolved.,mobile_app_transfer
I've been a loyal customer for years and now my account balance shows negative even though I have funds deposited. This looks like a system error. This is affecting my daily life.,account_balance
This is unacceptable. i successfully log into online banking but all menu options are greyed out and unclickable.,online_banking_access
I've been a loyal customer for years and now i did a balance inquiry at the ATM and it showed a lower balance than what's in my account. I'm considering switching banks over this.,debit_card_atm
This is my third complaint about this issue. your mobile banking app crashes every time I try to open it on my Samsung Galaxy S24. I expect a response within 24 hours.,mobile_app_crash
The top-up limit for my ETC card was reduced without notice. I cannot add the amount I need.,etc_card_topup
I tried to top up my ETC card via the mobile app but the top-up failed and money was deducted. This is affecting my daily life.,etc_card_topup
I am extremely frustrated because mobile app transfer failed midway. The money left my account but the recipient didn't receive it. Please resolve this immediately.,mobile_app_transfer
"Dear support team, i'm not receiving the OTP SMS needed to complete my transaction. I've been waiting 30 minutes. I'm considering switching banks over this.",mobile_app_otp
I need urgent help — your bank's website certificate has expired and my browser won't let me access online banking.,online_banking_access
I'm contacting you because i keep requesting OTP but it never arrives. I've checked my signal and SMS inbox. This is affecting my daily life.,mobile_app_otp
I've been a loyal customer for years and now debit card suddenly stopped working. I called customer service but they couldn't explain why. Please resolve this immediately.,debit_card_blocked
"Dear support team, my credit card was declined when I tried to pay for my flight tickets. This is urgent. I'm considering switching banks over this.",credit_card_declined
I am extremely frustrated because app is stuck on the loading screen after I enter my login details. This has happened for two days straight. I'm considering switching banks over this.,mobile_app_login
I need urgent help — internet banking is not loading on my computer. I need to transfer funds urgently. I will escalate to the regulator if this is not resolved.,online_banking_access
ATM withdrew money from my account but dispensed the wrong amount.,debit_card_atm
I am extremely frustrated because i can't find the ETC card top-up option in the banking app anymore. It seems to have disappeared. I expect a response within 24 hours.,etc_card_topup
This is my third complaint about this issue. i cannot access your internet banking portal. The website keeps showing a '503 Service Unavailable' error. This is affecting my daily life.,online_banking_access
I'm contacting you because my card was declined for a small transaction of RM 215.01. This makes no sense given my credit limit. Please resolve this immediately.,credit_card_declined
I'm contacting you because my credit card keeps getting declined even though I paid off the full balance last week. I expect a response within 24 hours.,credit_card_declined
I'm contacting you because the ATM shows my transaction was successful but didn't give me the cash. This is affecting my daily life.,debit_card_atm
I am extremely frustrated because i'm locked out of online banking after too many incorrect password attempts. Please reset my access. I expect a response within 24 hours.,online_banking_access
This is unacceptable. online banking shows my old address and I cannot update my profile. The save button is broken.,online_banking_access
"Hi, I'm writing to complain that i traveled abroad and my debit card was blocked without warning. I have no access to cash. I will escalate to the regulator if this is not resolved.",debit_card_blocked
"This is unacceptable. your mobile app login page just spins and never loads. I've been unable to access my account since March 03, 2026. I will escalate to the regulator if this is not resolved.",mobile_app_login
I'm experiencing constant app crashes on my Pixel 8. The app is unusable right now. I will escalate to the regulator if this is not resolved.,mobile_app_crash
"I need urgent help — my card was declined for a small transaction of RM 4,135.29. This makes no sense given my credit limit. I'm considering switching banks over this.",credit_card_declined
I tried to use my credit card at Shell but it was declined without any reason. I expect a response within 24 hours.,credit_card_declined
I've been a loyal customer for years and now aTM dispensed short of the requested amount but debited my account for the full amount. I expect a response within 24 hours.,debit_card_atm
This is my third complaint about this issue. i tried to top up my ETC card via the mobile app but the top-up failed and money was deducted.,etc_card_topup
This is my third complaint about this issue. my ETC card top-up hasn't been credited even after 60 hours. Transaction reference: TXN-LYTD-190546. This is affecting my daily life.,etc_card_topup
"Dear support team, my debit card was blocked overnight. I need it for daily expenses and this is causing hardship. Please resolve this immediately.",debit_card_blocked
I need urgent help — online banking session times out in 30 seconds even when I'm actively using it. Please resolve this immediately.,online_banking_access
This is my third complaint about this issue. the 2FA code sent by your bank is always invalid even though I enter it right away.,mobile_app_otp
I've been a loyal customer for years and now online banking dashboard shows all zeros — my accounts and transactions are not displaying.,online_banking_access
"Hi, I'm writing to complain that eTC card auto top-up feature stopped working. My card balance is zero and I can't pay tolls. I will escalate to the regulator if this is not resolved.",etc_card_topup
I need urgent help — there are duplicate debits on my account that don't match any transaction I made. Please resolve this immediately.,account_balance
ATM gave me an error message and kept my card. Transaction reference: TXN-VYAN-035962. I expect a response within 24 hours.,debit_card_atm
I've been a loyal customer for years and now my credit card interest rate was changed without prior notification. My bill is much higher than expected. I'm considering switching banks over this.,credit_card_billing
I'm contacting you because i inserted my debit card in your ATM and it got stuck. The machine ate my card. This is affecting my daily life.,debit_card_atm
"This is unacceptable. credit card declined for an online purchase of RM 1,812.84. My card is active and not expired.",credit_card_declined
"Hi, I'm writing to complain that i've requested OTP 10 times in the last hour and haven't received a single one. This is affecting my daily life.",mobile_app_otp
"Your mobile app login page just spins and never loads. I've been unable to access my account since March 30, 2026. I expect a response within 24 hours.",mobile_app_login
Cannot sign into mobile banking — it keeps asking me to re-register my device even though I've done it multiple times.,mobile_app_login
"Hi, I'm writing to complain that there are duplicate debits on my account that don't match any transaction I made. This is affecting my daily life.",account_balance
"Dear support team, eTC card transponder seems to have failed. I'm getting error beeps at every toll plaza.",etc_card_toll
I keep getting 'Card declined' error when using my credit card for contactless payments. I will escalate to the regulator if this is not resolved.,credit_card_declined
I need urgent help — i updated the app last night and now I can't log in. The screen goes blank after I enter my credentials. Please resolve this immediately.,mobile_app_login
I was charged RM 510.90 for a service I cancelled two months ago. Still appearing on my card. I will escalate to the regulator if this is not resolved.,credit_card_billing
I've noticed regular small debits from my account that I don't recognize. Possible fraud. Please resolve this immediately.,account_balance
I am extremely frustrated because the banking app on my Samsung Galaxy S24 won't let me sign in. I've tried resetting my password three times but the login still fails. I expect a response within 24 hours.,mobile_app_login
"Hi, I'm writing to complain that i've noticed regular small debits from my account that I don't recognize. Possible fraud. I expect a response within 24 hours.",account_balance
I've been a loyal customer for years and now i'm being charged an annual fee I never agreed to on my credit card account. I'm considering switching banks over this.,credit_card_billing
I need urgent help — i see charges on my credit card from a date when the card was in my wallet and unused. This is affecting my daily life.,credit_card_billing
I need urgent help — my fixed deposit maturity amount was not credited to my account on the due date.,account_balance
My salary was credited but an unauthorized debit brought my balance to nearly zero.,account_balance
"Dear support team, your app has been crashing non-stop since the latest iOS update. Please release a patch. I'm considering switching banks over this.",mobile_app_crash
"This is unacceptable. i can see my pending transactions but they never cleared, and my available balance is wrong. I will escalate to the regulator if this is not resolved.",account_balance
This is unacceptable. i'm unable to reset my online banking password. The 'Forgot Password' link doesn't work. This is affecting my daily life.,online_banking_access
Banking app keeps crashing after I tap on 'View Statement'. Other features work fine.,mobile_app_crash
Login button is not responding on the mobile banking app. I've tapped it dozens of times. I'm considering switching banks over this.,mobile_app_login
I'm contacting you because i'm not receiving the OTP SMS needed to complete my transaction. I've been waiting 30 minutes. I expect a response within 24 hours.,mobile_app_otp
I traveled abroad and my debit card was blocked without warning. I have no access to cash. This is affecting my daily life.,debit_card_blocked
I transferred money in but my account balance hasn't updated. The funds seem to have disappeared. I will escalate to the regulator if this is not resolved.,account_balance
"I'm embarrassed — my NexBank credit card was declined in front of everyone at the restaurant, even with sufficient credit limit. Please resolve this immediately.",credit_card_declined
I am extremely frustrated because eTC card works at some toll booths but not others. Inconsistent behavior is causing issues. Please resolve this immediately.,etc_card_toll
I received a toll violation notice even though my ETC card was properly installed. Please resolve this immediately.,etc_card_toll
"My account balance is showing incorrect information. There is RM 4,633.98 missing that I cannot account for. I will escalate to the regulator if this is not resolved.",account_balance
This is unacceptable. i cannot set a beneficiary in the mobile app to make a transfer. The 'Add Payee' button doesn't work.,mobile_app_transfer
I need urgent help — i was fined for not paying toll because my ETC card wasn't recognized. Please help. This is affecting my daily life.,etc_card_toll
I'm contacting you because the Unified Bank app freezes whenever I navigate to the transaction history page. I have to restart my phone.,mobile_app_crash
This is unacceptable. my credit card bill shows a foreign transaction fee for a purchase I made domestically. I will escalate to the regulator if this is not resolved.,credit_card_billing
I need urgent help — i tried to use my PrimeBank debit card and got a 'Card restricted' message. I haven't done anything wrong. I expect a response within 24 hours.,debit_card_blocked
I traveled abroad and my debit card was blocked without warning. I have no access to cash. I will escalate to the regulator if this is not resolved.,debit_card_blocked
"I need urgent help — eTC card auto reload failed multiple times this month, leaving me unable to use the highway. I will escalate to the regulator if this is not resolved.",etc_card_topup
This is my third complaint about this issue. i tried to reload my ETC card at a top-up kiosk and it rejected my debit card. I will escalate to the regulator if this is not resolved.,etc_card_topup
This is my third complaint about this issue. the authentication code you sent is 6 digits but the app field only accepts 4 digits. This is affecting my daily life.,mobile_app_otp
This is my third complaint about this issue. i tried to top up my ETC card via the mobile app but the top-up failed and money was deducted. I expect a response within 24 hours.,etc_card_topup
Mobile app transfer failed midway. The money left my account but the recipient didn't receive it. I expect a response within 24 hours.,mobile_app_transfer
My credit card interest rate was changed without prior notification. My bill is much higher than expected.,credit_card_billing
I'm contacting you because the transfer confirmation page in the app keeps refreshing without completing the transaction.,mobile_app_transfer
"Hi, I'm writing to complain that my new debit card was blocked before I even activated it. I cannot make any purchases.",debit_card_blocked
"Hi, I'm writing to complain that sMS OTP is going to my old phone number even after I updated it in the app. I'm considering switching banks over this.",mobile_app_otp
I'm contacting you because the toll system said my ETC card was invalid even though it's registered and topped up. Please resolve this immediately.,etc_card_toll
I'm contacting you because the online banking portal redirects me to an error page every time I try to log in. I'm considering switching banks over this.,online_banking_access
I've been a loyal customer for years and now the toll system said my ETC card was invalid even though it's registered and topped up. I'm considering switching banks over this.,etc_card_toll
"Dear support team, the interbank transfer feature in your app has been broken for 3 days. I urgently need to move funds.",mobile_app_transfer
I am extremely frustrated because i couldn't pay my hotel bill because your credit card was declined. This caused serious embarrassment. Please resolve this immediately.,credit_card_declined
I need urgent help — my fixed deposit maturity amount was not credited to my account on the due date. This is affecting my daily life.,account_balance
"I need urgent help — i can see my pending transactions but they never cleared, and my available balance is wrong. I will escalate to the regulator if this is not resolved.",account_balance
"Dear support team, i received a toll violation notice even though my ETC card was properly installed.",etc_card_toll
This is my third complaint about this issue. i traveled abroad and my debit card was blocked without warning. I have no access to cash. Please resolve this immediately.,debit_card_blocked
This is unacceptable. eTC card reader at the Bangsar toll failed to scan my card. The barrier didn't open.,etc_card_toll
This is unacceptable. app shows transfer was successful but my recipient's bank says no funds received.,mobile_app_transfer
My credit card minimum payment due is incorrect. The calculation doesn't match my statement. I'm considering switching banks over this.,credit_card_billing
"Hi, I'm writing to complain that i tried to top up my ETC card via the mobile app but the top-up failed and money was deducted. I expect a response within 24 hours.",etc_card_topup
My debit card was blocked after one failed PIN attempt. This is very inconvenient.,debit_card_blocked
"Hi, I'm writing to complain that my credit card interest rate was changed without prior notification. My bill is much higher than expected.",credit_card_billing
I am extremely frustrated because the ATM near Petaling Jaya is broken and captured my debit card. Please retrieve it urgently. This is affecting my daily life.,debit_card_atm
I'm contacting you because i was fined for not paying toll because my ETC card wasn't recognized. Please help. This is affecting my daily life.,etc_card_toll
This is my third complaint about this issue. my credit card interest rate was changed without prior notification. My bill is much higher than expected. I expect a response within 24 hours.,credit_card_billing
The banking app on my Samsung Galaxy S24 won't let me sign in. I've tried resetting my password three times but the login still fails. I will escalate to the regulator if this is not resolved.,mobile_app_login
I'm contacting you because the 2FA code sent by your bank is always invalid even though I enter it right away.,mobile_app_otp
My credit card interest rate was changed without prior notification. My bill is much higher than expected. I'm considering switching banks over this.,credit_card_billing
I've been a loyal customer for years and now transfer limit in the mobile app was changed without my consent. Now I cannot send large amounts. I'm considering switching banks over this.,mobile_app_transfer
I need urgent help — credit card reward points were deducted from my account without my knowledge.,credit_card_billing
I am extremely frustrated because the banking app on my OnePlus 12 won't let me sign in. I've tried resetting my password three times but the login still fails. I will escalate to the regulator if this is not resolved.,mobile_app_login
Top-up transaction for my ETC card is showing 'processing' for 48 hours with no update. I expect a response within 24 hours.,etc_card_topup
I need urgent help — i tried to top up my ETC card via the mobile app but the top-up failed and money was deducted.,etc_card_topup
This is unacceptable. the one-time password your app sends has already expired by the time I receive it on my phone.,mobile_app_otp
"Dear support team, the CitiCore Bank app freezes whenever I navigate to the transaction history page. I have to restart my phone.",mobile_app_crash
This is unacceptable. banking app keeps crashing after I tap on 'View Statement'. Other features work fine. I expect a response within 24 hours.,mobile_app_crash
I've been a loyal customer for years and now my credit card transaction was declined at a supermarket. I had more than enough credit available. I'm considering switching banks over this.,credit_card_declined
This is my third complaint about this issue. there are duplicate debits on my account that don't match any transaction I made. I'm considering switching banks over this.,account_balance
This is unacceptable. i'm unable to reset my online banking password. The 'Forgot Password' link doesn't work. I expect a response within 24 hours.,online_banking_access
I'm contacting you because i'm not receiving the OTP SMS needed to complete my transaction. I've been waiting 30 minutes. Please resolve this immediately.,mobile_app_otp
"I see a charge of RM 3,224.98 on my credit card statement that I did not authorize.",credit_card_billing
I transferred money in but my account balance hasn't updated. The funds seem to have disappeared.,account_balance
I did a balance inquiry at the ATM and it showed a lower balance than what's in my account.,debit_card_atm
I was fined for not paying toll because my ETC card wasn't recognized. Please help.,etc_card_toll
This is unacceptable. eTC card transponder seems to have failed. I'm getting error beeps at every toll plaza. Please resolve this immediately.,etc_card_toll
I am extremely frustrated because my ETC card is not being detected at any toll booth since yesterday.,etc_card_toll
I am extremely frustrated because i couldn't pay my hotel bill because your credit card was declined. This caused serious embarrassment. I will escalate to the regulator if this is not resolved.,credit_card_declined
I'm contacting you because i can't find the ETC card top-up option in the banking app anymore. It seems to have disappeared. I expect a response within 24 hours.,etc_card_topup
"I see a charge of RM 4,037.51 on my credit card statement that I did not authorize. This is affecting my daily life.",credit_card_billing
"Dear support team, cannot sign into mobile banking — it keeps asking me to re-register my device even though I've done it multiple times. I'm considering switching banks over this.",mobile_app_login
I'm contacting you because i keep getting 'Card declined' error when using my credit card for contactless payments. I expect a response within 24 hours.,credit_card_declined
"Hi, I'm writing to complain that i cannot access your internet banking portal. The website keeps showing a '503 Service Unavailable' error.",online_banking_access
I've been a loyal customer for years and now the banking app goes completely black and then crashes when I try to access my loan details.,mobile_app_crash
My ETC card is not being detected at any toll booth since yesterday. This is affecting my daily life.,etc_card_toll
I need urgent help — debit card suddenly stopped working. I called customer service but they couldn't explain why. This is affecting my daily life.,debit_card_blocked
I need urgent help — the interbank transfer feature in your app has been broken for 3 days. I urgently need to move funds. Please resolve this immediately.,mobile_app_transfer
This is unacceptable. i'm unable to reset my online banking password. The 'Forgot Password' link doesn't work. I expect a response within 24 hours.,online_banking_access
I'm contacting you because i've noticed regular small debits from my account that I don't recognize. Possible fraud.,account_balance
Your mobile banking app crashes every time I try to open it on my OnePlus 12.,mobile_app_crash
This is my third complaint about this issue. the app crashes after the latest update v7.4.6. Please fix this urgently. I will escalate to the regulator if this is not resolved.,mobile_app_crash
"Hi, I'm writing to complain that my new debit card was blocked before I even activated it. I cannot make any purchases. Please resolve this immediately.",debit_card_blocked
This is my third complaint about this issue. the app asks for my password then immediately freezes. I have to force close it and start over. Please resolve this immediately.,mobile_app_login
I'm contacting you because eTC card top-up via ATM was successful but the balance on the card wasn't updated. This is affecting my daily life.,etc_card_topup
I'm contacting you because credit card is being declined for international online purchases. Please check if international transactions are blocked. I expect a response within 24 hours.,credit_card_declined
"Dear support team, credit card reward points were deducted from my account without my knowledge. Please resolve this immediately.",credit_card_billing
I'm contacting you because the fingerprint login on my banking app suddenly stopped working. I cannot get into my account at all.,mobile_app_login
This is my third complaint about this issue. my ETC card is not being detected at any toll booth since yesterday. I expect a response within 24 hours.,etc_card_toll
ATM gave me an error message and kept my card. Transaction reference: TXN-JBII-643585.,debit_card_atm
Internet banking is not loading on my computer. I need to transfer funds urgently.,online_banking_access
I've been a loyal customer for years and now banking app keeps crashing after I tap on 'View Statement'. Other features work fine. I expect a response within 24 hours.,mobile_app_crash
This is my third complaint about this issue. the banking app on my iPhone 15 won't let me sign in. I've tried resetting my password three times but the login still fails. I'm considering switching banks over this.,mobile_app_login
"This is unacceptable. i tried to withdraw RM 1,107.07 from the ATM but it failed and I was still charged. I'm considering switching banks over this.",debit_card_atm
"I am extremely frustrated because my account balance is showing incorrect information. There is RM 2,511.61 missing that I cannot account for.",account_balance
This is unacceptable. i'm unable to reset my online banking password. The 'Forgot Password' link doesn't work.,online_banking_access
I'm contacting you because i attempted an urgent bank transfer but the app gave an error and I cannot see if it went through. I'm considering switching banks over this.,mobile_app_transfer
I'm contacting you because the MegaBank app freezes whenever I navigate to the transaction history page. I have to restart my phone.,mobile_app_crash
I've been a loyal customer for years and now aTM gave me an error message and kept my card. Transaction reference: TXN-IUMA-517796. I'm considering switching banks over this.,debit_card_atm
"Hi, I'm writing to complain that there are duplicate debits on my account that don't match any transaction I made. This is affecting my daily life.",account_balance
"I've been a loyal customer for years and now my account balance is showing incorrect information. There is RM 3,003.78 missing that I cannot account for.",account_balance
I am extremely frustrated because i keep getting 'Card declined' error when using my credit card for contactless payments. Please resolve this immediately.,credit_card_declined
My ETC card registration shows active but the toll system keeps rejecting it.,etc_card_toll
This is unacceptable. mobile app keeps logging me out immediately after I sign in. This is happening on my Huawei P60.,mobile_app_login
"Dear support team, online banking login page is down. I've tried multiple browsers and devices. I expect a response within 24 hours.",online_banking_access
"Dear support team, the top-up limit for my ETC card was reduced without notice. I cannot add the amount I need.",etc_card_topup
This is my third complaint about this issue. app crashes when I try to upload a photo of my check for mobile deposit. Please resolve this immediately.,mobile_app_crash
I've been a loyal customer for years and now fund transfer on the mobile banking app shows 'Pending' for over 24 hours. The amount has been deducted. Please resolve this immediately.,mobile_app_transfer
My account balance shows negative even though I have funds deposited. This looks like a system error. Please resolve this immediately.,account_balance
"Dear support team, my ETC card top-up hasn't been credited even after 34 hours. Transaction reference: TXN-DMMI-872134. Please resolve this immediately.",etc_card_topup
ETC card transponder seems to have failed. I'm getting error beeps at every toll plaza.,etc_card_toll
I've been a loyal customer for years and now oTP verification keeps failing. The code you send doesn't match what the app expects.,mobile_app_otp
I am extremely frustrated because the authentication code you sent is 6 digits but the app field only accepts 4 digits. This is affecting my daily life.,mobile_app_otp
I've been a loyal customer for years and now the app asks for my password then immediately freezes. I have to force close it and start over. I will escalate to the regulator if this is not resolved.,mobile_app_login
My account shows a credit reversal that I never initiated. Balance is now lower than expected. I'm considering switching banks over this.,account_balance
I am extremely frustrated because i see charges on my credit card from a date when the card was in my wallet and unused. This is affecting my daily life.,credit_card_billing
This is my third complaint about this issue. my debit card was suddenly blocked. I cannot use it for any transactions.,debit_card_blocked
"I see a charge of RM 1,824.78 on my credit card statement that I did not authorize. I expect a response within 24 hours.",credit_card_billing
This is unacceptable. i returned a product but the refund hasn't appeared on my credit card statement after 3 weeks. I expect a response within 24 hours.,credit_card_billing
I'm contacting you because the ATM near Petaling Jaya is broken and captured my debit card. Please retrieve it urgently. I will escalate to the regulator if this is not resolved.,debit_card_atm
"Dear support team, my debit card was suddenly blocked. I cannot use it for any transactions. I'm considering switching banks over this.",debit_card_blocked
My credit card statement shows a late fee even though I paid the minimum amount on time. I will escalate to the regulator if this is not resolved.,credit_card_billing
This is unacceptable. i deposited a cheque 5 days ago but it hasn't appeared in my account balance.,account_balance
"Dear support team, i tried to top up my ETC card via the mobile app but the top-up failed and money was deducted.",etc_card_topup
"Dear support team, debit card shows as frozen in the app but I didn't freeze it. Please unblock it. I'm considering switching banks over this.",debit_card_blocked
I attempted an urgent bank transfer but the app gave an error and I cannot see if it went through. Please resolve this immediately.,mobile_app_transfer
"Dear support team, my debit card was blocked after one failed PIN attempt. This is very inconvenient.",debit_card_blocked
"Dear support team, my ETC card top-up hasn't been credited even after 25 hours. Transaction reference: TXN-AMEU-243121. I expect a response within 24 hours.",etc_card_topup
The ATM near KLCC is broken and captured my debit card. Please retrieve it urgently.,debit_card_atm
My credit card statement shows a late fee even though I paid the minimum amount on time. I'm considering switching banks over this.,credit_card_billing
This is my third complaint about this issue. eTC card reader at the Mont Kiara toll failed to scan my card. The barrier didn't open. This is affecting my daily life.,etc_card_toll
My ETC card always worked before but suddenly stopped being recognized at toll gates.,etc_card_toll
I'm locked out of online banking after too many incorrect password attempts. Please reset my access.,online_banking_access
I need urgent help — my credit card minimum payment due is incorrect. The calculation doesn't match my statement. I will escalate to the regulator if this is not resolved.,credit_card_billing
I'm contacting you because i tried to use my MegaBank debit card and got a 'Card restricted' message. I haven't done anything wrong. Please resolve this immediately.,debit_card_blocked
This is my third complaint about this issue. i keep requesting OTP but it never arrives. I've checked my signal and SMS inbox. This is affecting my daily life.,mobile_app_otp
I am extremely frustrated because my debit card works at ATMs but is declined at POS terminals in shops.,debit_card_blocked
I am extremely frustrated because i returned a product but the refund hasn't appeared on my credit card statement after 3 weeks. I'm considering switching banks over this.,credit_card_billing
I am extremely frustrated because i keep requesting OTP but it never arrives. I've checked my signal and SMS inbox. This is affecting my daily life.,mobile_app_otp
"Hi, I'm writing to complain that mobile banking app doubled my transfer — debited my account twice for a single transaction.",mobile_app_transfer
I'm contacting you because my debit card was blocked overnight. I need it for daily expenses and this is causing hardship.,debit_card_blocked
My debit card was blocked overnight. I need it for daily expenses and this is causing hardship.,debit_card_blocked
I'm unable to reset my online banking password. The 'Forgot Password' link doesn't work. I will escalate to the regulator if this is not resolved.,online_banking_access
I am extremely frustrated because i attempted an urgent bank transfer but the app gave an error and I cannot see if it went through.,mobile_app_transfer
"Hi, I'm writing to complain that app closes unexpectedly while I'm in the middle of making a payment. Very frustrating.",mobile_app_crash
"Your mobile app login page just spins and never loads. I've been unable to access my account since January 08, 2026. I expect a response within 24 hours.",mobile_app_login
This is my third complaint about this issue. credit card is being declined for international online purchases. Please check if international transactions are blocked. I'm considering switching banks over this.,credit_card_declined
I am extremely frustrated because i've noticed regular small debits from my account that I don't recognize. Possible fraud. I will escalate to the regulator if this is not resolved.,account_balance
I am extremely frustrated because aTM swallowed my debit card and didn't dispense the RM 872.83 I requested.,debit_card_atm
This is unacceptable. online banking login page is down. I've tried multiple browsers and devices. I expect a response within 24 hours.,online_banking_access
I've been a loyal customer for years and now app closes unexpectedly while I'm in the middle of making a payment. Very frustrating.,mobile_app_crash
My ETC card registration shows active but the toll system keeps rejecting it. I'm considering switching banks over this.,etc_card_toll
I'm contacting you because app crashes when I try to upload a photo of my check for mobile deposit. I'm considering switching banks over this.,mobile_app_crash
"Hi, I'm writing to complain that aTM swallowed my debit card and didn't dispense the RM 4,239.23 I requested.",debit_card_atm
This is unacceptable. mobile banking app is extremely slow. It takes over 2 minutes to load my account balance. I'm considering switching banks over this.,mobile_app_crash
I need urgent help — the bank blocked my debit card without sending me a notification or reason. I expect a response within 24 hours.,debit_card_blocked
I am extremely frustrated because i attempted an urgent bank transfer but the app gave an error and I cannot see if it went through. This is affecting my daily life.,mobile_app_transfer
I need urgent help — i've requested OTP 10 times in the last hour and haven't received a single one. I'm considering switching banks over this.,mobile_app_otp
I've been waiting 3 days for an ETC top-up to reflect on my card. Customer service is not helping. This is affecting my daily life.,etc_card_topup
This is unacceptable. i tried to top up my ETC card via the mobile app but the top-up failed and money was deducted. I'm considering switching banks over this.,etc_card_topup
"Dear support team, my debit card got stuck in the ATM slot. It won't come out and the screen has gone blank. I will escalate to the regulator if this is not resolved.",debit_card_atm
"Hi, I'm writing to complain that my debit card was blocked due to 'suspicious activity' but all transactions were made by me. Please resolve this immediately.",debit_card_blocked
There is an unknown charge from a merchant I've never heard of on my credit card bill. I'm considering switching banks over this.,credit_card_billing
My credit card was declined when I tried to pay for my flight tickets. This is urgent. Please resolve this immediately.,credit_card_declined
This is my third complaint about this issue. the transfer confirmation page in the app keeps refreshing without completing the transaction. I will escalate to the regulator if this is not resolved.,mobile_app_transfer
This is my third complaint about this issue. my debit card was suddenly blocked. I cannot use it for any transactions. Please resolve this immediately.,debit_card_blocked
"I need urgent help — my account balance is showing incorrect information. There is RM 4,320.84 missing that I cannot account for. I'm considering switching banks over this.",account_balance
I am extremely frustrated because my debit card got stuck in the ATM slot. It won't come out and the screen has gone blank. I expect a response within 24 hours.,debit_card_atm
I've been a loyal customer for years and now mobile app transfer failed midway. The money left my account but the recipient didn't receive it. I will escalate to the regulator if this is not resolved.,mobile_app_transfer
I've requested OTP 10 times in the last hour and haven't received a single one. Please resolve this immediately.,mobile_app_otp
I need urgent help — i'm not getting 2FA codes via your banking app. My phone number is correct in your system.,mobile_app_otp
This is my third complaint about this issue. eTC card transponder seems to have failed. I'm getting error beeps at every toll plaza. This is affecting my daily life.,etc_card_toll
I'm contacting you because i couldn't pay my hotel bill because your credit card was declined. This caused serious embarrassment. Please resolve this immediately.,credit_card_declined
I need urgent help — my credit card statement shows a late fee even though I paid the minimum amount on time. I'm considering switching banks over this.,credit_card_billing
I've been a loyal customer for years and now online banking shows my old address and I cannot update my profile. The save button is broken.,online_banking_access
"Dear support team, i tried to transfer RM 3,871.79 to my savings account via the mobile app but the transaction failed and the money is gone. Please resolve this immediately.",mobile_app_transfer
I've been a loyal customer for years and now aTM swallowed my debit card and didn't dispense the RM 387.42 I requested. This is affecting my daily life.,debit_card_atm
This is my third complaint about this issue. eTC card transponder seems to have failed. I'm getting error beeps at every toll plaza. I will escalate to the regulator if this is not resolved.,etc_card_toll
"Dear support team, the transfer confirmation page in the app keeps refreshing without completing the transaction.",mobile_app_transfer
I need urgent help — debit card declined at ATM even though I entered the correct PIN and have sufficient balance.,debit_card_atm
OTP is not being sent to my registered mobile number 792.473.9249x1236. I cannot complete my login. Please resolve this immediately.,mobile_app_otp
"Hi, I'm writing to complain that the app freezes for 5 minutes every time I try to view my credit card bill.",mobile_app_crash
This is my third complaint about this issue. my account shows a credit reversal that I never initiated. Balance is now lower than expected.,account_balance
I'm contacting you because my credit card transaction was declined at a supermarket. I had more than enough credit available. This is affecting my daily life.,credit_card_declined
"I've been a loyal customer for years and now i tried to transfer RM 4,486.13 to my savings account via the mobile app but the transaction failed and the money is gone. This is affecting my daily life.",mobile_app_transfer
OTP is not being sent to my registered mobile number 001-864-978-6259x0757. I cannot complete my login. I will escalate to the regulator if this is not resolved.,mobile_app_otp
I am extremely frustrated because i received a toll violation notice even though my ETC card was properly installed.,etc_card_toll
"Hi, I'm writing to complain that i tried to use my credit card at Lazada but it was declined without any reason. This is affecting my daily life.",credit_card_declined
OTP verification keeps failing. The code you send doesn't match what the app expects.,mobile_app_otp
This is my third complaint about this issue. i'm getting 'Session expired' error right after I log in. Cannot stay logged into the app.,mobile_app_login
There is an unknown charge from a merchant I've never heard of on my credit card bill.,credit_card_billing
I'm contacting you because i returned a product but the refund hasn't appeared on my credit card statement after 3 weeks.,credit_card_billing
"Hi, I'm writing to complain that my debit card works at ATMs but is declined at POS terminals in shops.",debit_card_blocked
"I'm getting 'Transaction declined' when trying to transfer funds, but my balance is sufficient. I will escalate to the regulator if this is not resolved.",mobile_app_transfer
"Dear support team, there is an unknown charge from a merchant I've never heard of on my credit card bill. Please resolve this immediately.",credit_card_billing
I'm contacting you because online top-up for my ETC card failed but the payment was debited from my bank account. I'm considering switching banks over this.,etc_card_topup
I've been a loyal customer for years and now i cannot use my debit card online. It's being declined for all internet purchases. I will escalate to the regulator if this is not resolved.,debit_card_blocked
I'm contacting you because my credit card interest rate was changed without prior notification. My bill is much higher than expected.,credit_card_billing
I'm contacting you because the fingerprint login on my banking app suddenly stopped working. I cannot get into my account at all.,mobile_app_login
ETC card top-up via ATM was successful but the balance on the card wasn't updated. I expect a response within 24 hours.,etc_card_topup
This is unacceptable. i can't find the ETC card top-up option in the banking app anymore. It seems to have disappeared. This is affecting my daily life.,etc_card_topup
This is unacceptable. app shows transfer was successful but my recipient's bank says no funds received.,mobile_app_transfer
This is my third complaint about this issue. i've requested OTP 10 times in the last hour and haven't received a single one.,mobile_app_otp
I am extremely frustrated because eTC card transponder seems to have failed. I'm getting error beeps at every toll plaza.,etc_card_toll
The toll system said my ETC card was invalid even though it's registered and topped up. I'm considering switching banks over this.,etc_card_toll
This is unacceptable. eTC card works at some toll booths but not others. Inconsistent behavior is causing issues.,etc_card_toll
"Dear support team, i tried to top up my ETC card via the mobile app but the top-up failed and money was deducted. I expect a response within 24 hours.",etc_card_topup
Mobile banking app doubled my transfer — debited my account twice for a single transaction. I expect a response within 24 hours.,mobile_app_transfer
I am extremely frustrated because my credit card interest rate was changed without prior notification. My bill is much higher than expected.,credit_card_billing
"Dear support team, your mobile banking app crashes every time I try to open it on my Samsung Galaxy S24. I'm considering switching banks over this.",mobile_app_crash
I'm contacting you because debit card suddenly stopped working. I called customer service but they couldn't explain why. I will escalate to the regulator if this is not resolved.,debit_card_blocked
I need urgent help — i couldn't pay my hotel bill because your credit card was declined. This caused serious embarrassment. Please resolve this immediately.,credit_card_declined
"Dear support team, i couldn't pay my hotel bill because your credit card was declined. This caused serious embarrassment.",credit_card_declined
I am extremely frustrated because my ETC card always worked before but suddenly stopped being recognized at toll gates. Please resolve this immediately.,etc_card_toll
"Dear support team, fund transfer on the mobile banking app shows 'Pending' for over 24 hours. The amount has been deducted.",mobile_app_transfer
"Dear support team, the interbank transfer feature in your app has been broken for 3 days. I urgently need to move funds. This is affecting my daily life.",mobile_app_transfer
"My OTP SMS is arriving 20 minutes late, causing the code to expire before I can use it. This is affecting my daily life.",mobile_app_otp
I was billed twice for the same transaction at Shell on my credit card. This is affecting my daily life.,credit_card_billing
I'm contacting you because i was charged for an ATM withdrawal that never happened. The machine malfunctioned.,debit_card_atm
"Hi, I'm writing to complain that online banking login page is down. I've tried multiple browsers and devices. I expect a response within 24 hours.",online_banking_access
I traveled abroad and my debit card was blocked without warning. I have no access to cash. This is affecting my daily life.,debit_card_blocked
I need urgent help — my debit card was suddenly blocked. I cannot use it for any transactions. I will escalate to the regulator if this is not resolved.,debit_card_blocked
I need urgent help — i'm experiencing constant app crashes on my OnePlus 12. The app is unusable right now. I will escalate to the regulator if this is not resolved.,mobile_app_crash
Online banking login page is down. I've tried multiple browsers and devices. Please resolve this immediately.,online_banking_access
I've been a loyal customer for years and now my salary was credited but an unauthorized debit brought my balance to nearly zero. This is affecting my daily life.,account_balance
I need urgent help — eTC card reader at the Bangsar toll failed to scan my card. The barrier didn't open.,etc_card_toll
I've been a loyal customer for years and now i attempted an urgent bank transfer but the app gave an error and I cannot see if it went through. This is affecting my daily life.,mobile_app_transfer
"Hi, I'm writing to complain that the fingerprint login on my banking app suddenly stopped working. I cannot get into my account at all. I'm considering switching banks over this.",mobile_app_login
Credit card reward points were deducted from my account without my knowledge.,credit_card_billing
Online banking session times out in 30 seconds even when I'm actively using it.,online_banking_access
The one-time password your app sends has already expired by the time I receive it on my phone. I expect a response within 24 hours.,mobile_app_otp
I cannot use my debit card online. It's being declined for all internet purchases. I'm considering switching banks over this.,debit_card_blocked
My debit card was blocked overnight. I need it for daily expenses and this is causing hardship. This is affecting my daily life.,debit_card_blocked
"I need urgent help — i can see my pending transactions but they never cleared, and my available balance is wrong.",account_balance
"I am extremely frustrated because my savings account balance dropped by RM 2,868.45 overnight with no transaction showing on my statement.",account_balance
"Dear support team, the app asks for my password then immediately freezes. I have to force close it and start over. I expect a response within 24 hours.",mobile_app_login
The authentication code you sent is 6 digits but the app field only accepts 4 digits.,mobile_app_otp
I cannot access your internet banking portal. The website keeps showing a '503 Service Unavailable' error.,online_banking_access
I'm contacting you because i keep getting 'Card declined' error when using my credit card for contactless payments. I expect a response within 24 hours.,credit_card_declined
"This is my third complaint about this issue. credit card declined for an online purchase of RM 1,256.59. My card is active and not expired.",credit_card_declined
My debit card was blocked after one failed PIN attempt. This is very inconvenient. I will escalate to the regulator if this is not resolved.,debit_card_blocked
ATM withdrew money from my account but dispensed the wrong amount. This is affecting my daily life.,debit_card_atm
"Dear support team, i was fined for not paying toll because my ETC card wasn't recognized. Please help. I'm considering switching banks over this.",etc_card_toll
This is unacceptable. i'm locked out of online banking after too many incorrect password attempts. Please reset my access.,online_banking_access
I am extremely frustrated because i cannot log in to your mobile banking app. It keeps saying 'invalid credentials' even though my password is correct.,mobile_app_login
I've been a loyal customer for years and now your internet banking website is extremely slow and times out before I can complete any transaction. I will escalate to the regulator if this is not resolved.,online_banking_access
I'm contacting you because i've noticed regular small debits from my account that I don't recognize. Possible fraud. I'm considering switching banks over this.,account_balance
This is unacceptable. the app crashes after the latest update v5.5.7. Please fix this urgently.,mobile_app_crash
"Hi, I'm writing to complain that the 2FA code sent by your bank is always invalid even though I enter it right away.",mobile_app_otp
I am extremely frustrated because i've requested OTP 10 times in the last hour and haven't received a single one. I expect a response within 24 hours.,mobile_app_otp
I'm being charged an annual fee I never agreed to on my credit card account. I'm considering switching banks over this.,credit_card_billing
"Hi, I'm writing to complain that my credit card keeps getting declined even though I paid off the full balance last week. I expect a response within 24 hours.",credit_card_declined
I am extremely frustrated because i did a balance inquiry at the ATM and it showed a lower balance than what's in my account. Please resolve this immediately.,debit_card_atm
"I am extremely frustrated because my savings account balance dropped by RM 4,844.61 overnight with no transaction showing on my statement.",account_balance
"I need urgent help — i'm embarrassed — my TrustBank credit card was declined in front of everyone at the restaurant, even with sufficient credit limit. Please resolve this immediately.",credit_card_declined
"Hi, I'm writing to complain that there are duplicate debits on my account that don't match any transaction I made. I will escalate to the regulator if this is not resolved.",account_balance
The transfer confirmation page in the app keeps refreshing without completing the transaction.,mobile_app_transfer
"Hi, I'm writing to complain that the 2FA code sent by your bank is always invalid even though I enter it right away.",mobile_app_otp
This is my third complaint about this issue. the authentication code you sent is 6 digits but the app field only accepts 4 digits.,mobile_app_otp
I've been a loyal customer for years and now my fixed deposit maturity amount was not credited to my account on the due date. Please resolve this immediately.,account_balance
This is unacceptable. credit card declined for a recurring subscription payment I've been making for 2 years. I will escalate to the regulator if this is not resolved.,credit_card_declined
"I'm contacting you because every time I try to log into the PrimeBank app, it shows an error code 2604 and kicks me out. Please resolve this immediately.",mobile_app_login
I need urgent help — i deposited a cheque 5 days ago but it hasn't appeared in my account balance. I expect a response within 24 hours.,account_balance
I'm contacting you because my ETC card top-up hasn't been credited even after 16 hours. Transaction reference: TXN-OEOK-407184. Please resolve this immediately.,etc_card_topup
"Dear support team, i received a toll violation notice even though my ETC card was properly installed. I will escalate to the regulator if this is not resolved.",etc_card_toll
"I've been a loyal customer for years and now my account balance is showing incorrect information. There is RM 4,342.30 missing that I cannot account for. I expect a response within 24 hours.",account_balance
My account statement shows a different balance than what the ATM and app display.,account_balance
There is an unknown charge from a merchant I've never heard of on my credit card bill.,credit_card_billing
I've been a loyal customer for years and now my debit card was blocked overnight. I need it for daily expenses and this is causing hardship. I expect a response within 24 hours.,debit_card_blocked
I'm contacting you because the fingerprint login on my banking app suddenly stopped working. I cannot get into my account at all.,mobile_app_login
My account balance shows negative even though I have funds deposited. This looks like a system error. I'm considering switching banks over this.,account_balance
Online banking login page is down. I've tried multiple browsers and devices.,online_banking_access
I transferred money in but my account balance hasn't updated. The funds seem to have disappeared. Please resolve this immediately.,account_balance
I am extremely frustrated because my debit card was blocked overnight. I need it for daily expenses and this is causing hardship. I'm considering switching banks over this.,debit_card_blocked
"Dear support team, my credit card interest rate was changed without prior notification. My bill is much higher than expected.",credit_card_billing
I'm contacting you because your app has been crashing non-stop since the latest iOS update. Please release a patch. I expect a response within 24 hours.,mobile_app_crash
I need urgent help — i tried to top up my ETC card via the mobile app but the top-up failed and money was deducted. I'm considering switching banks over this.,etc_card_topup
This is my third complaint about this issue. the one-time password your app sends has already expired by the time I receive it on my phone. I will escalate to the regulator if this is not resolved.,mobile_app_otp
I am extremely frustrated because credit card is being declined for international online purchases. Please check if international transactions are blocked. This is affecting my daily life.,credit_card_declined
"This is my third complaint about this issue. i see a charge of RM 4,765.12 on my credit card statement that I did not authorize. Please resolve this immediately.",credit_card_billing
"Hi, I'm writing to complain that aTM swallowed my debit card and didn't dispense the RM 2,712.92 I requested. Please resolve this immediately.",debit_card_atm
My credit card ending in 8126 was declined at a Shell store even though I have available credit.,credit_card_declined
This is my third complaint about this issue. i see charges on my credit card from a date when the card was in my wallet and unused. I'm considering switching banks over this.,credit_card_billing
I'm contacting you because eTC card reader at the KLCC toll failed to scan my card. The barrier didn't open.,etc_card_toll
The FirstCity Bank app freezes whenever I navigate to the transaction history page. I have to restart my phone. I expect a response within 24 hours.,mobile_app_crash
"Hi, I'm writing to complain that debit card declined at ATM even though I entered the correct PIN and have sufficient balance. I expect a response within 24 hours.",debit_card_atm
My account shows a credit reversal that I never initiated. Balance is now lower than expected. I'm considering switching banks over this.,account_balance
I am extremely frustrated because debit card suddenly stopped working. I called customer service but they couldn't explain why.,debit_card_blocked
"Dear support team, my credit card keeps getting declined even though I paid off the full balance last week. This is affecting my daily life.",credit_card_declined
Credit card reward points were deducted from my account without my knowledge.,credit_card_billing
"Hi, I'm writing to complain that oTP is not being sent to my registered mobile number +1-955-757-5559x728. I cannot complete my login. I will escalate to the regulator if this is not resolved.",mobile_app_otp
Mobile app keeps logging me out immediately after I sign in. This is happening on my iPhone 15. I will escalate to the regulator if this is not resolved.,mobile_app_login
My fixed deposit maturity amount was not credited to my account on the due date. This is affecting my daily life.,account_balance
This is unacceptable. i cannot use my debit card online. It's being declined for all internet purchases.,debit_card_blocked
This is my third complaint about this issue. i cannot use my debit card online. It's being declined for all internet purchases.,debit_card_blocked
I need urgent help — the banking app goes completely black and then crashes when I try to access my loan details.,mobile_app_crash
I am extremely frustrated because i see a charge of RM 694.47 on my credit card statement that I did not authorize. I'm considering switching banks over this.,credit_card_billing
The 2FA code sent by your bank is always invalid even though I enter it right away.,mobile_app_otp
I've been a loyal customer for years and now i keep requesting OTP but it never arrives. I've checked my signal and SMS inbox. This is affecting my daily life.,mobile_app_otp
"I am extremely frustrated because my savings account balance dropped by RM 2,663.16 overnight with no transaction showing on my statement. I expect a response within 24 hours.",account_balance
ATM dispensed short of the requested amount but debited my account for the full amount.,debit_card_atm
This is my third complaint about this issue. i updated the app last night and now I can't log in. The screen goes blank after I enter my credentials.,mobile_app_login
I've been a loyal customer for years and now i successfully log into online banking but all menu options are greyed out and unclickable. This is affecting my daily life.,online_banking_access
"Dear support team, aTM withdrew money from my account but dispensed the wrong amount.",debit_card_atm
This is unacceptable. i updated the app last night and now I can't log in. The screen goes blank after I enter my credentials.,mobile_app_login
I am extremely frustrated because my credit card minimum payment due is incorrect. The calculation doesn't match my statement. I expect a response within 24 hours.,credit_card_billing
I'm contacting you because aTM gave me an error message and kept my card. Transaction reference: TXN-ZSLX-255811. I expect a response within 24 hours.,debit_card_atm
Debit card shows as frozen in the app but I didn't freeze it. Please unblock it.,debit_card_blocked
I've been a loyal customer for years and now app closes unexpectedly while I'm in the middle of making a payment. Very frustrating.,mobile_app_crash
My debit card was suddenly blocked. I cannot use it for any transactions.,debit_card_blocked
"Dear support team, eTC card reader at the Damansara toll failed to scan my card. The barrier didn't open.",etc_card_toll
My ETC card registration shows active but the toll system keeps rejecting it. I expect a response within 24 hours.,etc_card_toll
I need urgent help — i cannot set a beneficiary in the mobile app to make a transfer. The 'Add Payee' button doesn't work.,mobile_app_transfer
"Dear support team, debit card shows as frozen in the app but I didn't freeze it. Please unblock it. I will escalate to the regulator if this is not resolved.",debit_card_blocked
I keep getting 'Card declined' error when using my credit card for contactless payments. I will escalate to the regulator if this is not resolved.,credit_card_declined
I've been a loyal customer for years and now online banking session times out in 30 seconds even when I'm actively using it. This is affecting my daily life.,online_banking_access
I'm contacting you because i was charged for an ATM withdrawal that never happened. The machine malfunctioned. I expect a response within 24 hours.,debit_card_atm
"Hi, I'm writing to complain that the app asks for my password then immediately freezes. I have to force close it and start over.",mobile_app_login
I need urgent help — the bank blocked my debit card without sending me a notification or reason. Please resolve this immediately.,debit_card_blocked
"I'm embarrassed — my FirstCity Bank credit card was declined in front of everyone at the restaurant, even with sufficient credit limit. I'm considering switching banks over this.",credit_card_declined
I am extremely frustrated because my debit card was suddenly blocked. I cannot use it for any transactions.,debit_card_blocked
My debit card works at ATMs but is declined at POS terminals in shops. Please resolve this immediately.,debit_card_blocked
This is my third complaint about this issue. online banking dashboard shows all zeros — my accounts and transactions are not displaying.,online_banking_access
I'm contacting you because i cannot log in to your mobile banking app. It keeps saying 'invalid credentials' even though my password is correct. This is affecting my daily life.,mobile_app_login
This is unacceptable. mobile app is unresponsive after I switch between accounts. I have to reinstall it every time. I expect a response within 24 hours.,mobile_app_crash
I've been a loyal customer for years and now i couldn't pay my hotel bill because your credit card was declined. This caused serious embarrassment.,credit_card_declined
I'm contacting you because my debit card was blocked due to 'suspicious activity' but all transactions were made by me. I will escalate to the regulator if this is not resolved.,debit_card_blocked
"Dear support team, eTC card auto top-up feature stopped working. My card balance is zero and I can't pay tolls. I will escalate to the regulator if this is not resolved.",etc_card_topup
I'm contacting you because my fixed deposit maturity amount was not credited to my account on the due date. I will escalate to the regulator if this is not resolved.,account_balance
"Dear support team, banking app keeps crashing after I tap on 'View Statement'. Other features work fine. I will escalate to the regulator if this is not resolved.",mobile_app_crash
This is my third complaint about this issue. i cannot log in to your mobile banking app. It keeps saying 'invalid credentials' even though my password is correct.,mobile_app_login
My debit card was blocked due to 'suspicious activity' but all transactions were made by me.,debit_card_blocked
This is my third complaint about this issue. i cannot log in to your mobile banking app. It keeps saying 'invalid credentials' even though my password is correct. I expect a response within 24 hours.,mobile_app_login
I've been a loyal customer for years and now debit card declined at ATM even though I entered the correct PIN and have sufficient balance. I expect a response within 24 hours.,debit_card_atm
This is unacceptable. i'm unable to make overseas transfers via the app. It keeps timing out at the final step. Please resolve this immediately.,mobile_app_transfer
This is my third complaint about this issue. i see charges on my credit card from a date when the card was in my wallet and unused.,credit_card_billing
"I'm embarrassed — my MegaBank credit card was declined in front of everyone at the restaurant, even with sufficient credit limit.",credit_card_declined
I've been a loyal customer for years and now the one-time password your app sends has already expired by the time I receive it on my phone.,mobile_app_otp
I need urgent help — i did a balance inquiry at the ATM and it showed a lower balance than what's in my account. I expect a response within 24 hours.,debit_card_atm
I am extremely frustrated because i tried to top up my ETC card via the mobile app but the top-up failed and money was deducted. This is affecting my daily life.,etc_card_topup
My debit card was suddenly blocked. I cannot use it for any transactions.,debit_card_blocked
"Dear support team, i'm unable to make overseas transfers via the app. It keeps timing out at the final step.",mobile_app_transfer
"Dear support team, my new debit card was blocked before I even activated it. I cannot make any purchases. I will escalate to the regulator if this is not resolved.",debit_card_blocked
I'm contacting you because i tried to use my credit card at IKEA but it was declined without any reason. This is affecting my daily life.,credit_card_declined
"This is my third complaint about this issue. i tried to transfer RM 1,085.18 to my savings account via the mobile app but the transaction failed and the money is gone.",mobile_app_transfer
"Dear support team, mobile banking app doubled my transfer — debited my account twice for a single transaction.",mobile_app_transfer
"I'm contacting you because your mobile app login page just spins and never loads. I've been unable to access my account since March 14, 2026. I expect a response within 24 hours.",mobile_app_login
I need urgent help — i was billed twice for the same transaction at Lazada on my credit card.,credit_card_billing
I've been a loyal customer for years and now the toll plaza scanner rejected my ETC card three times. I had to pay cash as a result. Please resolve this immediately.,etc_card_toll
ATM swallowed my debit card and didn't dispense the RM 694.90 I requested. I'm considering switching banks over this.,debit_card_atm
I'm contacting you because aTM withdrew money from my account but dispensed the wrong amount.,debit_card_atm
I've been a loyal customer for years and now online banking login page is down. I've tried multiple browsers and devices. I expect a response within 24 hours.,online_banking_access
"Hi, I'm writing to complain that online banking dashboard shows all zeros — my accounts and transactions are not displaying. I will escalate to the regulator if this is not resolved.",online_banking_access
This is my third complaint about this issue. i'm not getting 2FA codes via your banking app. My phone number is correct in your system. Please resolve this immediately.,mobile_app_otp
My debit card was suddenly blocked. I cannot use it for any transactions. I expect a response within 24 hours.,debit_card_blocked
"I see a charge of RM 3,820.44 on my credit card statement that I did not authorize. Please resolve this immediately.",credit_card_billing
This is my third complaint about this issue. the online banking portal redirects me to an error page every time I try to log in. This is affecting my daily life.,online_banking_access
I traveled abroad and my debit card was blocked without warning. I have no access to cash. I'm considering switching banks over this.,debit_card_blocked
"Dear support team, my ETC card registration shows active but the toll system keeps rejecting it. Please resolve this immediately.",etc_card_toll
This is my third complaint about this issue. i inserted my debit card in your ATM and it got stuck. The machine ate my card. I expect a response within 24 hours.,debit_card_atm
I'm contacting you because mobile banking app is extremely slow. It takes over 2 minutes to load my account balance. Please resolve this immediately.,mobile_app_crash
Mobile banking app is extremely slow. It takes over 2 minutes to load my account balance.,mobile_app_crash
This is my third complaint about this issue. the app asks for my password then immediately freezes. I have to force close it and start over. I will escalate to the regulator if this is not resolved.,mobile_app_login
I've been a loyal customer for years and now internet banking is not loading on my computer. I need to transfer funds urgently.,online_banking_access
"Hi, I'm writing to complain that your internet banking website is extremely slow and times out before I can complete any transaction. This is affecting my daily life.",online_banking_access
I am extremely frustrated because credit card is being declined for international online purchases. Please check if international transactions are blocked. I expect a response within 24 hours.,credit_card_declined
I've been a loyal customer for years and now i was charged RM 598.41 for a service I cancelled two months ago. Still appearing on my card. I expect a response within 24 hours.,credit_card_billing
I need urgent help — my ETC card always worked before but suddenly stopped being recognized at toll gates. I'm considering switching banks over this.,etc_card_toll
"Hi, I'm writing to complain that i received a toll violation notice even though my ETC card was properly installed. I will escalate to the regulator if this is not resolved.",etc_card_toll
I am extremely frustrated because i'm experiencing constant app crashes on my Huawei P60. The app is unusable right now. I will escalate to the regulator if this is not resolved.,mobile_app_crash
"Dear support team, i tried to use my credit card at McDonald's but it was declined without any reason.",credit_card_declined
"Hi, I'm writing to complain that my debit card works at ATMs but is declined at POS terminals in shops.",debit_card_blocked
I'm getting 'Session expired' error right after I log in. Cannot stay logged into the app.,mobile_app_login
I was charged RM 601.19 for a service I cancelled two months ago. Still appearing on my card.,credit_card_billing
I'm not getting 2FA codes via your banking app. My phone number is correct in your system. I'm considering switching banks over this.,mobile_app_otp
This is my third complaint about this issue. i tried to top up my ETC card via the mobile app but the top-up failed and money was deducted. Please resolve this immediately.,etc_card_topup
Top-up transaction for my ETC card is showing 'processing' for 48 hours with no update. I will escalate to the regulator if this is not resolved.,etc_card_topup
I'm contacting you because eTC card auto top-up feature stopped working. My card balance is zero and I can't pay tolls. Please resolve this immediately.,etc_card_topup
I am extremely frustrated because online banking session times out in 30 seconds even when I'm actively using it.,online_banking_access
"Hi, I'm writing to complain that my OTP SMS is arriving 20 minutes late, causing the code to expire before I can use it. Please resolve this immediately.",mobile_app_otp
Fund transfer on the mobile banking app shows 'Pending' for over 24 hours. The amount has been deducted. This is affecting my daily life.,mobile_app_transfer
My credit card statement shows a late fee even though I paid the minimum amount on time.,credit_card_billing
Banking app keeps crashing after I tap on 'View Statement'. Other features work fine. I'm considering switching banks over this.,mobile_app_crash
The app freezes for 5 minutes every time I try to view my credit card bill.,mobile_app_crash
"I need urgent help — i drove through the toll lane and the ETC system didn't detect my card, causing a fine.",etc_card_toll
"I'm contacting you because my card was declined for a small transaction of RM 1,666.56. This makes no sense given my credit limit.",credit_card_declined
I've been a loyal customer for years and now your app has been crashing non-stop since the latest iOS update. Please release a patch. I expect a response within 24 hours.,mobile_app_crash
This is unacceptable. i'm unable to reset my online banking password. The 'Forgot Password' link doesn't work. I'm considering switching banks over this.,online_banking_access
I am extremely frustrated because the transfer confirmation page in the app keeps refreshing without completing the transaction. I will escalate to the regulator if this is not resolved.,mobile_app_transfer
I am extremely frustrated because i updated the app last night and now I can't log in. The screen goes blank after I enter my credentials. This is affecting my daily life.,mobile_app_login
This is my third complaint about this issue. the ATM shows my transaction was successful but didn't give me the cash.,debit_card_atm
"Hi, I'm writing to complain that i was fined for not paying toll because my ETC card wasn't recognized. Please help. I expect a response within 24 hours.",etc_card_toll
My credit card transaction was declined at a supermarket. I had more than enough credit available.,credit_card_declined
My account statement shows a different balance than what the ATM and app display. I'm considering switching banks over this.,account_balance
This is my third complaint about this issue. eTC card transponder seems to have failed. I'm getting error beeps at every toll plaza. This is affecting my daily life.,etc_card_toll
Online top-up for my ETC card failed but the payment was debited from my bank account. I expect a response within 24 hours.,etc_card_topup
I've been a loyal customer for years and now my savings account balance dropped by RM 983.93 overnight with no transaction showing on my statement. This is affecting my daily life.,account_balance
I need urgent help — the one-time password your app sends has already expired by the time I receive it on my phone. Please resolve this immediately.,mobile_app_otp
The app freezes for 5 minutes every time I try to view my credit card bill.,mobile_app_crash
I am extremely frustrated because aTM gave me an error message and kept my card. Transaction reference: TXN-TYQA-370505.,debit_card_atm
"Hi, I'm writing to complain that i couldn't pay my hotel bill because your credit card was declined. This caused serious embarrassment. Please resolve this immediately.",credit_card_declined
This is my third complaint about this issue. debit card suddenly stopped working. I called customer service but they couldn't explain why.,debit_card_blocked
"I've been a loyal customer for years and now i'm embarrassed — my Unified Bank credit card was declined in front of everyone at the restaurant, even with sufficient credit limit.",credit_card_declined
This is unacceptable. my credit card was declined when I tried to pay for my flight tickets. This is urgent. Please resolve this immediately.,credit_card_declined
I am extremely frustrated because i cannot log in to your mobile banking app. It keeps saying 'invalid credentials' even though my password is correct. Please resolve this immediately.,mobile_app_login
I'm locked out of online banking after too many incorrect password attempts. Please reset my access.,online_banking_access
I need urgent help — i keep getting 'Card declined' error when using my credit card for contactless payments. I'm considering switching banks over this.,credit_card_declined
I've been a loyal customer for years and now online banking login page is down. I've tried multiple browsers and devices. This is affecting my daily life.,online_banking_access
I need urgent help — i'm unable to reset my online banking password. The 'Forgot Password' link doesn't work. I will escalate to the regulator if this is not resolved.,online_banking_access
This is unacceptable. the authentication code you sent is 6 digits but the app field only accepts 4 digits. I'm considering switching banks over this.,mobile_app_otp
Your internet banking website is extremely slow and times out before I can complete any transaction. This is affecting my daily life.,online_banking_access
I need urgent help — i did a balance inquiry at the ATM and it showed a lower balance than what's in my account.,debit_card_atm
The interbank transfer feature in your app has been broken for 3 days. I urgently need to move funds.,mobile_app_transfer
"Hi, I'm writing to complain that the bank blocked my debit card without sending me a notification or reason. I will escalate to the regulator if this is not resolved.",debit_card_blocked
I've been a loyal customer for years and now i was charged for an ATM withdrawal that never happened. The machine malfunctioned.,debit_card_atm
I've been a loyal customer for years and now i tried to reload my ETC card at a top-up kiosk and it rejected my debit card.,etc_card_topup
Online banking shows my old address and I cannot update my profile. The save button is broken.,online_banking_access
"Hi, I'm writing to complain that i cannot log in to your mobile banking app. It keeps saying 'invalid credentials' even though my password is correct. I will escalate to the regulator if this is not resolved.",mobile_app_login
This is unacceptable. i tried to reload my ETC card at a top-up kiosk and it rejected my debit card.,etc_card_topup
"Hi, I'm writing to complain that your bank's website certificate has expired and my browser won't let me access online banking. I will escalate to the regulator if this is not resolved.",online_banking_access
I cannot access your internet banking portal. The website keeps showing a '503 Service Unavailable' error. I will escalate to the regulator if this is not resolved.,online_banking_access
I'm contacting you because the interbank transfer feature in your app has been broken for 3 days. I urgently need to move funds. I will escalate to the regulator if this is not resolved.,mobile_app_transfer
I've been a loyal customer for years and now i transferred money in but my account balance hasn't updated. The funds seem to have disappeared.,account_balance
I am extremely frustrated because i've been waiting 3 days for an ETC top-up to reflect on my card. Customer service is not helping. I'm considering switching banks over this.,etc_card_topup
I'm contacting you because the ATM near Subang is broken and captured my debit card. Please retrieve it urgently. I will escalate to the regulator if this is not resolved.,debit_card_atm
Internet banking is not loading on my computer. I need to transfer funds urgently. This is affecting my daily life.,online_banking_access
I need urgent help — i was charged for an ATM withdrawal that never happened. The machine malfunctioned.,debit_card_atm
I'm contacting you because my fixed deposit maturity amount was not credited to my account on the due date. I'm considering switching banks over this.,account_balance
I've been a loyal customer for years and now credit card reward points were deducted from my account without my knowledge. Please resolve this immediately.,credit_card_billing
"I'm getting 'Transaction declined' when trying to transfer funds, but my balance is sufficient.",mobile_app_transfer
"I need urgent help — every time I try to log into the NexBank app, it shows an error code 9830 and kicks me out. I expect a response within 24 hours.",mobile_app_login
I deposited a cheque 5 days ago but it hasn't appeared in my account balance. I will escalate to the regulator if this is not resolved.,account_balance
The authentication code you sent is 6 digits but the app field only accepts 4 digits. I will escalate to the regulator if this is not resolved.,mobile_app_otp
"I've been a loyal customer for years and now aTM swallowed my debit card and didn't dispense the RM 2,294.94 I requested.",debit_card_atm
I'm experiencing constant app crashes on my iPhone 14 Pro. The app is unusable right now.,mobile_app_crash
I'm contacting you because mobile banking app is extremely slow. It takes over 2 minutes to load my account balance. Please resolve this immediately.,mobile_app_crash
I've been a loyal customer for years and now i'm locked out of online banking after too many incorrect password attempts. Please reset my access.,online_banking_access
I am extremely frustrated because mobile banking app doubled my transfer — debited my account twice for a single transaction.,mobile_app_transfer
I'm not getting 2FA codes via your banking app. My phone number is correct in your system. This is affecting my daily life.,mobile_app_otp
I need urgent help — app is stuck on the loading screen after I enter my login details. This has happened for two days straight.,mobile_app_login
ATM withdrew money from my account but dispensed the wrong amount. I'm considering switching banks over this.,debit_card_atm
I was billed twice for the same transaction at McDonald's on my credit card.,credit_card_billing
I'm contacting you because there are duplicate debits on my account that don't match any transaction I made.,account_balance
I'm contacting you because i traveled abroad and my debit card was blocked without warning. I have no access to cash.,debit_card_blocked
I'm contacting you because fund transfer on the mobile banking app shows 'Pending' for over 24 hours. The amount has been deducted. Please resolve this immediately.,mobile_app_transfer
"Dear support team, mobile app transfer failed midway. The money left my account but the recipient didn't receive it. I expect a response within 24 hours.",mobile_app_transfer
I need urgent help — fund transfer on the mobile banking app shows 'Pending' for over 24 hours. The amount has been deducted.,mobile_app_transfer
I received a toll violation notice even though my ETC card was properly installed. Please resolve this immediately.,etc_card_toll
"This is my third complaint about this issue. aTM swallowed my debit card and didn't dispense the RM 1,199.53 I requested.",debit_card_atm
I've noticed regular small debits from my account that I don't recognize. Possible fraud. I will escalate to the regulator if this is not resolved.,account_balance
I cannot use my debit card online. It's being declined for all internet purchases.,debit_card_blocked
I'm contacting you because i tried to use my FirstCity Bank debit card and got a 'Card restricted' message. I haven't done anything wrong. This is affecting my daily life.,debit_card_blocked
I need urgent help — aTM withdrew money from my account but dispensed the wrong amount. I will escalate to the regulator if this is not resolved.,debit_card_atm
I need urgent help — my credit card minimum payment due is incorrect. The calculation doesn't match my statement. Please resolve this immediately.,credit_card_billing
The ATM near Mont Kiara is broken and captured my debit card. Please retrieve it urgently. Please resolve this immediately.,debit_card_atm
I need urgent help — my debit card was blocked due to 'suspicious activity' but all transactions were made by me. I will escalate to the regulator if this is not resolved.,debit_card_blocked
"Dear support team, i'm being charged an annual fee I never agreed to on my credit card account.",credit_card_billing
There is an unknown charge from a merchant I've never heard of on my credit card bill. I expect a response within 24 hours.,credit_card_billing
ETC card top-up via ATM was successful but the balance on the card wasn't updated. This is affecting my daily life.,etc_card_topup
OTP is not being sent to my registered mobile number (259)602-5331. I cannot complete my login. I'm considering switching banks over this.,mobile_app_otp
I need urgent help — top-up transaction for my ETC card is showing 'processing' for 48 hours with no update. Please resolve this immediately.,etc_card_topup
This is my third complaint about this issue. my credit card was declined when I tried to pay for my flight tickets. This is urgent. I expect a response within 24 hours.,credit_card_declined
Fund transfer on the mobile banking app shows 'Pending' for over 24 hours. The amount has been deducted. This is affecting my daily life.,mobile_app_transfer
The fingerprint login on my banking app suddenly stopped working. I cannot get into my account at all. I expect a response within 24 hours.,mobile_app_login
I need urgent help — i deposited a cheque 5 days ago but it hasn't appeared in my account balance. I expect a response within 24 hours.,account_balance
"I've been a loyal customer for years and now i'm embarrassed — my MegaBank credit card was declined in front of everyone at the restaurant, even with sufficient credit limit.",credit_card_declined
"Hi, I'm writing to complain that i cannot use my debit card online. It's being declined for all internet purchases.",debit_card_blocked
The one-time password your app sends has already expired by the time I receive it on my phone. I expect a response within 24 hours.,mobile_app_otp
I've been a loyal customer for years and now my ETC card top-up hasn't been credited even after 20 hours. Transaction reference: TXN-TEDX-755687. This is affecting my daily life.,etc_card_topup
I've been a loyal customer for years and now cannot sign into mobile banking — it keeps asking me to re-register my device even though I've done it multiple times. I will escalate to the regulator if this is not resolved.,mobile_app_login
I'm contacting you because i see charges on my credit card from a date when the card was in my wallet and unused. I expect a response within 24 hours.,credit_card_billing
I'm contacting you because i tried to top up my ETC card via the mobile app but the top-up failed and money was deducted.,etc_card_topup
This is my third complaint about this issue. the fingerprint login on my banking app suddenly stopped working. I cannot get into my account at all.,mobile_app_login
OTP is not being sent to my registered mobile number 300.265.2143. I cannot complete my login. I'm considering switching banks over this.,mobile_app_otp
This is my third complaint about this issue. i returned a product but the refund hasn't appeared on my credit card statement after 3 weeks.,credit_card_billing
This is unacceptable. mobile banking app doubled my transfer — debited my account twice for a single transaction.,mobile_app_transfer
Top-up transaction for my ETC card is showing 'processing' for 48 hours with no update. I will escalate to the regulator if this is not resolved.,etc_card_topup
"Hi, I'm writing to complain that i returned a product but the refund hasn't appeared on my credit card statement after 3 weeks. This is affecting my daily life.",credit_card_billing
This is unacceptable. the banking app goes completely black and then crashes when I try to access my loan details. Please resolve this immediately.,mobile_app_crash
I need urgent help — i'm being charged an annual fee I never agreed to on my credit card account. I'm considering switching banks over this.,credit_card_billing
I've been a loyal customer for years and now i keep requesting OTP but it never arrives. I've checked my signal and SMS inbox. Please resolve this immediately.,mobile_app_otp
ATM swallowed my debit card and didn't dispense the RM 172.13 I requested.,debit_card_atm
I'm contacting you because sMS OTP is going to my old phone number even after I updated it in the app. Please resolve this immediately.,mobile_app_otp
I attempted an urgent bank transfer but the app gave an error and I cannot see if it went through. Please resolve this immediately.,mobile_app_transfer
This is my third complaint about this issue. cannot sign into mobile banking — it keeps asking me to re-register my device even though I've done it multiple times. This is affecting my daily life.,mobile_app_login
My credit card keeps getting declined even though I paid off the full balance last week. I will escalate to the regulator if this is not resolved.,credit_card_declined
I attempted an urgent bank transfer but the app gave an error and I cannot see if it went through.,mobile_app_transfer
"Hi, I'm writing to complain that i'm being charged an annual fee I never agreed to on my credit card account. Please resolve this immediately.",credit_card_billing
I'm contacting you because mobile app transfer failed midway. The money left my account but the recipient didn't receive it. I expect a response within 24 hours.,mobile_app_transfer
I need urgent help — the bank blocked my debit card without sending me a notification or reason.,debit_card_blocked
I am extremely frustrated because my debit card got stuck in the ATM slot. It won't come out and the screen has gone blank.,debit_card_atm
I need urgent help — my ETC card always worked before but suddenly stopped being recognized at toll gates. I'm considering switching banks over this.,etc_card_toll
My ETC card registration shows active but the toll system keeps rejecting it. Please resolve this immediately.,etc_card_toll
I need urgent help — i cannot set a beneficiary in the mobile app to make a transfer. The 'Add Payee' button doesn't work. I will escalate to the regulator if this is not resolved.,mobile_app_transfer
"Hi, I'm writing to complain that online top-up for my ETC card failed but the payment was debited from my bank account. I will escalate to the regulator if this is not resolved.",etc_card_topup
I need urgent help — the banking app goes completely black and then crashes when I try to access my loan details. I'm considering switching banks over this.,mobile_app_crash
I was charged for an ATM withdrawal that never happened. The machine malfunctioned. I will escalate to the regulator if this is not resolved.,debit_card_atm
Your mobile banking app crashes every time I try to open it on my Huawei P60. I will escalate to the regulator if this is not resolved.,mobile_app_crash
I've been a loyal customer for years and now my ETC card was not recognized at the toll booth on the highway today. This is affecting my daily life.,etc_card_toll
I'm being charged an annual fee I never agreed to on my credit card account.,credit_card_billing
My debit card was blocked due to 'suspicious activity' but all transactions were made by me.,debit_card_blocked
I've been a loyal customer for years and now my debit card works at ATMs but is declined at POS terminals in shops. I will escalate to the regulator if this is not resolved.,debit_card_blocked
"This is unacceptable. my account balance is showing incorrect information. There is RM 2,589.37 missing that I cannot account for.",account_balance
My debit card was suddenly blocked. I cannot use it for any transactions.,debit_card_blocked
Fund transfer on the mobile banking app shows 'Pending' for over 24 hours. The amount has been deducted. I will escalate to the regulator if this is not resolved.,mobile_app_transfer
I cannot set a beneficiary in the mobile app to make a transfer. The 'Add Payee' button doesn't work. I expect a response within 24 hours.,mobile_app_transfer
I need urgent help — internet banking is not loading on my computer. I need to transfer funds urgently. I'm considering switching banks over this.,online_banking_access
ETC card top-up via ATM was successful but the balance on the card wasn't updated. I'm considering switching banks over this.,etc_card_topup
This is my third complaint about this issue. your app has been crashing non-stop since the latest iOS update. Please release a patch.,mobile_app_crash
I am extremely frustrated because i'm being charged an annual fee I never agreed to on my credit card account. Please resolve this immediately.,credit_card_billing
"ATM swallowed my debit card and didn't dispense the RM 1,303.10 I requested. Please resolve this immediately.",debit_card_atm
"Hi, I'm writing to complain that my credit card transaction was declined at a supermarket. I had more than enough credit available.",credit_card_declined
"Dear support team, i successfully log into online banking but all menu options are greyed out and unclickable. I'm considering switching banks over this.",online_banking_access
"Dear support team, i'm getting 'Transaction declined' when trying to transfer funds, but my balance is sufficient. I will escalate to the regulator if this is not resolved.",mobile_app_transfer
I need urgent help — online banking dashboard shows all zeros — my accounts and transactions are not displaying.,online_banking_access
Online banking dashboard shows all zeros — my accounts and transactions are not displaying. Please resolve this immediately.,online_banking_access
Online banking login page is down. I've tried multiple browsers and devices. I will escalate to the regulator if this is not resolved.,online_banking_access
I cannot log in to your mobile banking app. It keeps saying 'invalid credentials' even though my password is correct. I will escalate to the regulator if this is not resolved.,mobile_app_login
Mobile app keeps logging me out immediately after I sign in. This is happening on my iPhone 15.,mobile_app_login
"Dear support team, i cannot use my debit card online. It's being declined for all internet purchases. This is affecting my daily life.",debit_card_blocked
I need urgent help — i was fined for not paying toll because my ETC card wasn't recognized. Please help. I'm considering switching banks over this.,etc_card_toll
The 2FA code sent by your bank is always invalid even though I enter it right away.,mobile_app_otp
I've been waiting 3 days for an ETC top-up to reflect on my card. Customer service is not helping. I'm considering switching banks over this.,etc_card_topup
I've been a loyal customer for years and now mobile app keeps logging me out immediately after I sign in. This is happening on my iPhone 14 Pro.,mobile_app_login
"Dear support team, the mobile app is saying my OTP is incorrect even though I'm entering it exactly as received. I expect a response within 24 hours.",mobile_app_otp
I can't find the ETC card top-up option in the banking app anymore. It seems to have disappeared.,etc_card_topup
I'm contacting you because your mobile banking app crashes every time I try to open it on my Pixel 8.,mobile_app_crash
"Hi, I'm writing to complain that my credit card was declined when I tried to pay for my flight tickets. This is urgent. This is affecting my daily life.",credit_card_declined
I'm unable to reset my online banking password. The 'Forgot Password' link doesn't work.,online_banking_access
"Hi, I'm writing to complain that online banking login page is down. I've tried multiple browsers and devices. I'm considering switching banks over this.",online_banking_access
Online banking dashboard shows all zeros — my accounts and transactions are not displaying.,online_banking_access
I need urgent help — i updated the app last night and now I can't log in. The screen goes blank after I enter my credentials. This is affecting my daily life.,mobile_app_login
"I'm contacting you because i topped up my ETC card RM 2,387.42 but the toll system still shows zero balance.",etc_card_topup
"Hi, I'm writing to complain that the 2FA code sent by your bank is always invalid even though I enter it right away.",mobile_app_otp
"Dear support team, i transferred money in but my account balance hasn't updated. The funds seem to have disappeared.",account_balance
Online banking login page is down. I've tried multiple browsers and devices. I will escalate to the regulator if this is not resolved.,online_banking_access
I traveled abroad and my debit card was blocked without warning. I have no access to cash. Please resolve this immediately.,debit_card_blocked
This is unacceptable. my fixed deposit maturity amount was not credited to my account on the due date. This is affecting my daily life.,account_balance
"Dear support team, i traveled abroad and my debit card was blocked without warning. I have no access to cash. I'm considering switching banks over this.",debit_card_blocked
I've been waiting 3 days for an ETC top-up to reflect on my card. Customer service is not helping.,etc_card_topup
"Dear support team, i tried to use my credit card at Watsons but it was declined without any reason.",credit_card_declined
The interbank transfer feature in your app has been broken for 3 days. I urgently need to move funds.,mobile_app_transfer
The bank blocked my debit card without sending me a notification or reason. This is affecting my daily life.,debit_card_blocked
I need urgent help — online top-up for my ETC card failed but the payment was debited from my bank account. This is affecting my daily life.,etc_card_topup
This is my third complaint about this issue. my credit card ending in 4416 was declined at a Shopee store even though I have available credit. I expect a response within 24 hours.,credit_card_declined
"I can see my pending transactions but they never cleared, and my available balance is wrong. I will escalate to the regulator if this is not resolved.",account_balance
Cannot sign into mobile banking — it keeps asking me to re-register my device even though I've done it multiple times.,mobile_app_login
I'm contacting you because mobile banking app is extremely slow. It takes over 2 minutes to load my account balance. This is affecting my daily life.,mobile_app_crash
"Dear support team, the FirstCity Bank app freezes whenever I navigate to the transaction history page. I have to restart my phone. I'm considering switching banks over this.",mobile_app_crash
"Hi, I'm writing to complain that the app crashes after the latest update v6.8.3. Please fix this urgently. I will escalate to the regulator if this is not resolved.",mobile_app_crash
I'm contacting you because mobile banking app is extremely slow. It takes over 2 minutes to load my account balance.,mobile_app_crash
"Hi, I'm writing to complain that aTM swallowed my debit card and didn't dispense the RM 3,214.15 I requested. I will escalate to the regulator if this is not resolved.",debit_card_atm
"Hi, I'm writing to complain that i was billed twice for the same transaction at Lazada on my credit card.",credit_card_billing
I'm contacting you because my account balance shows negative even though I have funds deposited. This looks like a system error.,account_balance
"I'm getting 'Transaction declined' when trying to transfer funds, but my balance is sufficient. I'm considering switching banks over this.",mobile_app_transfer
I'm not receiving the OTP SMS needed to complete my transaction. I've been waiting 30 minutes. I will escalate to the regulator if this is not resolved.,mobile_app_otp
My credit card ending in 1747 was declined at a IKEA store even though I have available credit.,credit_card_declined
I transferred money in but my account balance hasn't updated. The funds seem to have disappeared.,account_balance
This is my third complaint about this issue. the 2FA code sent by your bank is always invalid even though I enter it right away. Please resolve this immediately.,mobile_app_otp
SMS OTP is going to my old phone number even after I updated it in the app. Please resolve this immediately.,mobile_app_otp
I'm contacting you because my credit card minimum payment due is incorrect. The calculation doesn't match my statement. Please resolve this immediately.,credit_card_billing
This is my third complaint about this issue. my debit card was suddenly blocked. I cannot use it for any transactions.,debit_card_blocked
"This is my third complaint about this issue. eTC card auto reload failed multiple times this month, leaving me unable to use the highway.",etc_card_topup
I tried to withdraw RM 371.68 from the ATM but it failed and I was still charged.,debit_card_atm
I am extremely frustrated because my debit card was blocked after one failed PIN attempt. This is very inconvenient. Please resolve this immediately.,debit_card_blocked
I've been a loyal customer for years and now i tried to reload my ETC card at a top-up kiosk and it rejected my debit card.,etc_card_topup
"Dear support team, your bank's website certificate has expired and my browser won't let me access online banking. This is affecting my daily life.",online_banking_access
I tried to reload my ETC card at a top-up kiosk and it rejected my debit card. This is affecting my daily life.,etc_card_topup
I've been a loyal customer for years and now the interbank transfer feature in your app has been broken for 3 days. I urgently need to move funds.,mobile_app_transfer
I need urgent help — my ETC card was not recognized at the toll booth on the highway today.,etc_card_toll
My credit card ending in 1973 was declined at a Shopee store even though I have available credit. Please resolve this immediately.,credit_card_declined
I am extremely frustrated because the app asks for my password then immediately freezes. I have to force close it and start over.,mobile_app_login
Online banking shows my old address and I cannot update my profile. The save button is broken.,online_banking_access
I need urgent help — oTP is not being sent to my registered mobile number (417)700-5703x9294. I cannot complete my login. Please resolve this immediately.,mobile_app_otp
I've been a loyal customer for years and now my account balance shows negative even though I have funds deposited. This looks like a system error.,account_balance
I am extremely frustrated because i deposited a cheque 5 days ago but it hasn't appeared in my account balance. This is affecting my daily life.,account_balance
I keep getting 'Card declined' error when using my credit card for contactless payments. I will escalate to the regulator if this is not resolved.,credit_card_declined
This is my third complaint about this issue. i've requested OTP 10 times in the last hour and haven't received a single one.,mobile_app_otp
This is my third complaint about this issue. top-up transaction for my ETC card is showing 'processing' for 48 hours with no update.,etc_card_topup
"Hi, I'm writing to complain that i can see my pending transactions but they never cleared, and my available balance is wrong.",account_balance
I've been a loyal customer for years and now i received a toll violation notice even though my ETC card was properly installed. Please resolve this immediately.,etc_card_toll
I need urgent help — aTM dispensed short of the requested amount but debited my account for the full amount. Please resolve this immediately.,debit_card_atm
"Dear support team, my fixed deposit maturity amount was not credited to my account on the due date.",account_balance
This is my third complaint about this issue. my ETC card top-up hasn't been credited even after 63 hours. Transaction reference: TXN-DRKS-398045.,etc_card_topup
This is unacceptable. mobile banking app doubled my transfer — debited my account twice for a single transaction. Please resolve this immediately.,mobile_app_transfer
I've been a loyal customer for years and now app is stuck on the loading screen after I enter my login details. This has happened for two days straight. This is affecting my daily life.,mobile_app_login
"Hi, I'm writing to complain that i traveled abroad and my debit card was blocked without warning. I have no access to cash. This is affecting my daily life.",debit_card_blocked
I am extremely frustrated because i traveled abroad and my debit card was blocked without warning. I have no access to cash. I will escalate to the regulator if this is not resolved.,debit_card_blocked
"Dear support team, i keep getting 'Card declined' error when using my credit card for contactless payments. This is affecting my daily life.",credit_card_declined
This is my third complaint about this issue. my ETC card always worked before but suddenly stopped being recognized at toll gates. Please resolve this immediately.,etc_card_toll
I need urgent help — mobile banking app doubled my transfer — debited my account twice for a single transaction. I'm considering switching banks over this.,mobile_app_transfer
My debit card was suddenly blocked. I cannot use it for any transactions. I expect a response within 24 hours.,debit_card_blocked
This is my third complaint about this issue. my credit card ending in 6789 was declined at a AEON Mall store even though I have available credit. This is affecting my daily life.,credit_card_declined
"I need urgent help — your mobile app login page just spins and never loads. I've been unable to access my account since March 22, 2026. I expect a response within 24 hours.",mobile_app_login
The ATM shows my transaction was successful but didn't give me the cash.,debit_card_atm
"I've been a loyal customer for years and now i topped up my ETC card RM 1,571.64 but the toll system still shows zero balance.",etc_card_topup
"Dear support team, i'm getting 'Transaction declined' when trying to transfer funds, but my balance is sufficient. Please resolve this immediately.",mobile_app_transfer
I've been a loyal customer for years and now my account shows a credit reversal that I never initiated. Balance is now lower than expected.,account_balance
I need urgent help — app crashes when I try to upload a photo of my check for mobile deposit. I will escalate to the regulator if this is not resolved.,mobile_app_crash
"Hi, I'm writing to complain that the toll system said my ETC card was invalid even though it's registered and topped up. I'm considering switching banks over this.",etc_card_toll
I need urgent help — i keep getting 'Card declined' error when using my credit card for contactless payments.,credit_card_declined
"Dear support team, i attempted an urgent bank transfer but the app gave an error and I cannot see if it went through.",mobile_app_transfer
"Hi, I'm writing to complain that my debit card was blocked due to 'suspicious activity' but all transactions were made by me. I will escalate to the regulator if this is not resolved.",debit_card_blocked
I need urgent help — login button is not responding on the mobile banking app. I've tapped it dozens of times. I expect a response within 24 hours.,mobile_app_login
This is my third complaint about this issue. credit card declined for a recurring subscription payment I've been making for 2 years. This is affecting my daily life.,credit_card_declined
"Hi, I'm writing to complain that eTC card works at some toll booths but not others. Inconsistent behavior is causing issues. This is affecting my daily life.",etc_card_toll
I've been a loyal customer for years and now mobile app is unresponsive after I switch between accounts. I have to reinstall it every time. I'm considering switching banks over this.,mobile_app_crash
I'm contacting you because debit card shows as frozen in the app but I didn't freeze it. Please unblock it. Please resolve this immediately.,debit_card_blocked
I'm contacting you because my ETC card registration shows active but the toll system keeps rejecting it. Please resolve this immediately.,etc_card_toll
"This is my third complaint about this issue. i see a charge of RM 2,616.45 on my credit card statement that I did not authorize.",credit_card_billing
Debit card declined at ATM even though I entered the correct PIN and have sufficient balance. Please resolve this immediately.,debit_card_atm
My ETC card was not recognized at the toll booth on the highway today. Please resolve this immediately.,etc_card_toll
I cannot use my debit card online. It's being declined for all internet purchases.,debit_card_blocked
I am extremely frustrated because my credit card ending in 2829 was declined at a Starbucks store even though I have available credit. I expect a response within 24 hours.,credit_card_declined
This is unacceptable. my credit card minimum payment due is incorrect. The calculation doesn't match my statement. I expect a response within 24 hours.,credit_card_billing
I've been a loyal customer for years and now there are duplicate debits on my account that don't match any transaction I made. I'm considering switching banks over this.,account_balance
I need urgent help — eTC card auto top-up feature stopped working. My card balance is zero and I can't pay tolls.,etc_card_topup
I'm contacting you because i'm locked out of online banking after too many incorrect password attempts. Please reset my access.,online_banking_access
I am extremely frustrated because online banking login page is down. I've tried multiple browsers and devices. This is affecting my daily life.,online_banking_access
I've been a loyal customer for years and now i keep requesting OTP but it never arrives. I've checked my signal and SMS inbox.,mobile_app_otp
"Hi, I'm writing to complain that i've requested OTP 10 times in the last hour and haven't received a single one. This is affecting my daily life.",mobile_app_otp
This is unacceptable. online banking shows my old address and I cannot update my profile. The save button is broken.,online_banking_access
"I'm embarrassed — my PrimeBank credit card was declined in front of everyone at the restaurant, even with sufficient credit limit.",credit_card_declined
"Hi, I'm writing to complain that i received a toll violation notice even though my ETC card was properly installed. I'm considering switching banks over this.",etc_card_toll
I am extremely frustrated because the top-up limit for my ETC card was reduced without notice. I cannot add the amount I need.,etc_card_topup
I am extremely frustrated because the transfer confirmation page in the app keeps refreshing without completing the transaction. I expect a response within 24 hours.,mobile_app_transfer
I was billed twice for the same transaction at Starbucks on my credit card. I'm considering switching banks over this.,credit_card_billing
The 2FA code sent by your bank is always invalid even though I enter it right away.,mobile_app_otp
"I've been a loyal customer for years and now i'm embarrassed — my FirstCity Bank credit card was declined in front of everyone at the restaurant, even with sufficient credit limit.",credit_card_declined
"Dear support team, mobile banking app is extremely slow. It takes over 2 minutes to load my account balance.",mobile_app_crash
I'm unable to make overseas transfers via the app. It keeps timing out at the final step. I will escalate to the regulator if this is not resolved.,mobile_app_transfer
My credit card keeps getting declined even though I paid off the full balance last week. I will escalate to the regulator if this is not resolved.,credit_card_declined
I am extremely frustrated because i received a toll violation notice even though my ETC card was properly installed. This is affecting my daily life.,etc_card_toll
App shows transfer was successful but my recipient's bank says no funds received.,mobile_app_transfer
"I've been a loyal customer for years and now your mobile app login page just spins and never loads. I've been unable to access my account since March 18, 2026. I will escalate to the regulator if this is not resolved.",mobile_app_login
This is my third complaint about this issue. app closes unexpectedly while I'm in the middle of making a payment. Very frustrating. Please resolve this immediately.,mobile_app_crash
I'm contacting you because the top-up limit for my ETC card was reduced without notice. I cannot add the amount I need. Please resolve this immediately.,etc_card_topup
I am extremely frustrated because my ETC card registration shows active but the toll system keeps rejecting it.,etc_card_toll
I tried to transfer RM 958.35 to my savings account via the mobile app but the transaction failed and the money is gone. I expect a response within 24 hours.,mobile_app_transfer
I'm contacting you because i was charged for an ATM withdrawal that never happened. The machine malfunctioned.,debit_card_atm
"Hi, I'm writing to complain that i received a toll violation notice even though my ETC card was properly installed.",etc_card_toll
I transferred money in but my account balance hasn't updated. The funds seem to have disappeared. I'm considering switching banks over this.,account_balance
This is my third complaint about this issue. i was charged for an ATM withdrawal that never happened. The machine malfunctioned. This is affecting my daily life.,debit_card_atm
"Hi, I'm writing to complain that credit card declined for an online purchase of RM 3,671.46. My card is active and not expired. I'm considering switching banks over this.",credit_card_declined
Banking app keeps crashing after I tap on 'View Statement'. Other features work fine. I'm considering switching banks over this.,mobile_app_crash
My credit card transaction was declined at a supermarket. I had more than enough credit available. I expect a response within 24 hours.,credit_card_declined
This is my third complaint about this issue. my account statement shows a different balance than what the ATM and app display. This is affecting my daily life.,account_balance
"I tried to transfer RM 2,067.97 to my savings account via the mobile app but the transaction failed and the money is gone. I expect a response within 24 hours.",mobile_app_transfer
I need urgent help — my account statement shows a different balance than what the ATM and app display. I'm considering switching banks over this.,account_balance
The online banking portal redirects me to an error page every time I try to log in.,online_banking_access
"Hi, I'm writing to complain that i was charged for an ATM withdrawal that never happened. The machine malfunctioned.",debit_card_atm
I'm contacting you because i attempted an urgent bank transfer but the app gave an error and I cannot see if it went through.,mobile_app_transfer
This is my third complaint about this issue. my credit card bill shows a foreign transaction fee for a purchase I made domestically. This is affecting my daily life.,credit_card_billing
"Dear support team, my savings account balance dropped by RM 1,626.79 overnight with no transaction showing on my statement. This is affecting my daily life.",account_balance
The mobile app is saying my OTP is incorrect even though I'm entering it exactly as received.,mobile_app_otp
This is unacceptable. the ATM shows my transaction was successful but didn't give me the cash.,debit_card_atm
"Dear support team, i couldn't pay my hotel bill because your credit card was declined. This caused serious embarrassment.",credit_card_declined
This is my third complaint about this issue. the ATM shows my transaction was successful but didn't give me the cash. I will escalate to the regulator if this is not resolved.,debit_card_atm
I am extremely frustrated because debit card declined at ATM even though I entered the correct PIN and have sufficient balance. I will escalate to the regulator if this is not resolved.,debit_card_atm
I'm contacting you because top-up transaction for my ETC card is showing 'processing' for 48 hours with no update.,etc_card_topup
I need urgent help — eTC card reader at the KLCC toll failed to scan my card. The barrier didn't open.,etc_card_toll
"Dear support team, my credit card bill shows a foreign transaction fee for a purchase I made domestically.",credit_card_billing
I need urgent help — the toll plaza scanner rejected my ETC card three times. I had to pay cash as a result.,etc_card_toll
I've been a loyal customer for years and now transfer limit in the mobile app was changed without my consent. Now I cannot send large amounts.,mobile_app_transfer
My ETC card is not being detected at any toll booth since yesterday. This is affecting my daily life.,etc_card_toll
This is unacceptable. the ATM shows my transaction was successful but didn't give me the cash.,debit_card_atm
This is unacceptable. aTM withdrew money from my account but dispensed the wrong amount.,debit_card_atm
I need urgent help — i'm locked out of online banking after too many incorrect password attempts. Please reset my access.,online_banking_access
I'm contacting you because internet banking is not loading on my computer. I need to transfer funds urgently.,online_banking_access
I'm contacting you because aTM dispensed short of the requested amount but debited my account for the full amount. I'm considering switching banks over this.,debit_card_atm
I need urgent help — the authentication code you sent is 6 digits but the app field only accepts 4 digits.,mobile_app_otp
I'm contacting you because my ETC card always worked before but suddenly stopped being recognized at toll gates. This is affecting my daily life.,etc_card_toll
"Dear support team, my ETC card registration shows active but the toll system keeps rejecting it.",etc_card_toll
Cannot sign into mobile banking — it keeps asking me to re-register my device even though I've done it multiple times. I expect a response within 24 hours.,mobile_app_login
I've been a loyal customer for years and now my account statement shows a different balance than what the ATM and app display. I expect a response within 24 hours.,account_balance
This is my third complaint about this issue. i'm not getting 2FA codes via your banking app. My phone number is correct in your system. This is affecting my daily life.,mobile_app_otp
I've been a loyal customer for years and now i inserted my debit card in your ATM and it got stuck. The machine ate my card. I will escalate to the regulator if this is not resolved.,debit_card_atm
This is unacceptable. my ETC card was not recognized at the toll booth on the highway today.,etc_card_toll
I'm contacting you because eTC card transponder seems to have failed. I'm getting error beeps at every toll plaza. Please resolve this immediately.,etc_card_toll
"Hi, I'm writing to complain that my OTP SMS is arriving 20 minutes late, causing the code to expire before I can use it. I expect a response within 24 hours.",mobile_app_otp
The ATM near Mont Kiara is broken and captured my debit card. Please retrieve it urgently. I'm considering switching banks over this.,debit_card_atm
This is my third complaint about this issue. my salary was credited but an unauthorized debit brought my balance to nearly zero. I expect a response within 24 hours.,account_balance
"Hi, I'm writing to complain that banking app keeps crashing after I tap on 'View Statement'. Other features work fine. Please resolve this immediately.",mobile_app_crash
"Hi, I'm writing to complain that my credit card bill shows a foreign transaction fee for a purchase I made domestically. I'm considering switching banks over this.",credit_card_billing
My debit card works at ATMs but is declined at POS terminals in shops.,debit_card_blocked
This is unacceptable. app shows transfer was successful but my recipient's bank says no funds received. This is affecting my daily life.,mobile_app_transfer
I've been a loyal customer for years and now eTC card transponder seems to have failed. I'm getting error beeps at every toll plaza.,etc_card_toll
"I'm contacting you because i'm embarrassed — my NexBank credit card was declined in front of everyone at the restaurant, even with sufficient credit limit. Please resolve this immediately.",credit_card_declined
I'm contacting you because i cannot access your internet banking portal. The website keeps showing a '503 Service Unavailable' error. I expect a response within 24 hours.,online_banking_access
I need urgent help — the fingerprint login on my banking app suddenly stopped working. I cannot get into my account at all.,mobile_app_login
This is my third complaint about this issue. i keep getting 'Card declined' error when using my credit card for contactless payments.,credit_card_declined
I've been a loyal customer for years and now mobile app keeps logging me out immediately after I sign in. This is happening on my iPhone 15. This is affecting my daily life.,mobile_app_login
"Dear support team, my OTP SMS is arriving 20 minutes late, causing the code to expire before I can use it. Please resolve this immediately.",mobile_app_otp
This is my third complaint about this issue. my ETC card was not recognized at the toll booth on the highway today. This is affecting my daily life.,etc_card_toll
I'm getting 'Session expired' error right after I log in. Cannot stay logged into the app. I'm considering switching banks over this.,mobile_app_login
I've been a loyal customer for years and now my credit card transaction was declined at a supermarket. I had more than enough credit available. I'm considering switching banks over this.,credit_card_declined
I'm contacting you because my debit card was blocked overnight. I need it for daily expenses and this is causing hardship. Please resolve this immediately.,debit_card_blocked
I see a charge of RM 868.04 on my credit card statement that I did not authorize. I'm considering switching banks over this.,credit_card_billing
Mobile banking app is extremely slow. It takes over 2 minutes to load my account balance.,mobile_app_crash
My fixed deposit maturity amount was not credited to my account on the due date.,account_balance
"I was charged RM 3,586.11 for a service I cancelled two months ago. Still appearing on my card. I expect a response within 24 hours.",credit_card_billing
"Hi, I'm writing to complain that i can see my pending transactions but they never cleared, and my available balance is wrong. I expect a response within 24 hours.",account_balance
"Hi, I'm writing to complain that online banking dashboard shows all zeros — my accounts and transactions are not displaying. This is affecting my daily life.",online_banking_access
"I've been a loyal customer for years and now every time I try to log into the NexBank app, it shows an error code 1434 and kicks me out. I expect a response within 24 hours.",mobile_app_login
I've been a loyal customer for years and now my debit card works at ATMs but is declined at POS terminals in shops. I will escalate to the regulator if this is not resolved.,debit_card_blocked
I've been a loyal customer for years and now the fingerprint login on my banking app suddenly stopped working. I cannot get into my account at all. I will escalate to the regulator if this is not resolved.,mobile_app_login
The PrimeBank app freezes whenever I navigate to the transaction history page. I have to restart my phone. Please resolve this immediately.,mobile_app_crash
My fixed deposit maturity amount was not credited to my account on the due date.,account_balance
This is unacceptable. i'm unable to make overseas transfers via the app. It keeps timing out at the final step.,mobile_app_transfer
Your internet banking website is extremely slow and times out before I can complete any transaction. This is affecting my daily life.,online_banking_access
ETC card works at some toll booths but not others. Inconsistent behavior is causing issues.,etc_card_toll
I've been a loyal customer for years and now i tried to top up my ETC card via the mobile app but the top-up failed and money was deducted. Please resolve this immediately.,etc_card_topup
My credit card ending in 8178 was declined at a IKEA store even though I have available credit. I'm considering switching banks over this.,credit_card_declined
I cannot set a beneficiary in the mobile app to make a transfer. The 'Add Payee' button doesn't work.,mobile_app_transfer
"I tried to withdraw RM 1,838.05 from the ATM but it failed and I was still charged. I expect a response within 24 hours.",debit_card_atm
I am extremely frustrated because i'm experiencing constant app crashes on my iPhone 15. The app is unusable right now.,mobile_app_crash
"I'm contacting you because i drove through the toll lane and the ETC system didn't detect my card, causing a fine. Please resolve this immediately.",etc_card_toll
I've been a loyal customer for years and now i can't find the ETC card top-up option in the banking app anymore. It seems to have disappeared.,etc_card_topup
My credit card ending in 5441 was declined at a AEON Mall store even though I have available credit. I will escalate to the regulator if this is not resolved.,credit_card_declined
"Dear support team, internet banking is not loading on my computer. I need to transfer funds urgently. I'm considering switching banks over this.",online_banking_access
My credit card statement shows a late fee even though I paid the minimum amount on time.,credit_card_billing
This is unacceptable. your bank's website certificate has expired and my browser won't let me access online banking. Please resolve this immediately.,online_banking_access
My credit card was declined when I tried to pay for my flight tickets. This is urgent. I will escalate to the regulator if this is not resolved.,credit_card_declined
I'm contacting you because i cannot use my debit card online. It's being declined for all internet purchases.,debit_card_blocked
"Hi, I'm writing to complain that i cannot use my debit card online. It's being declined for all internet purchases.",debit_card_blocked
I need urgent help — my credit card interest rate was changed without prior notification. My bill is much higher than expected.,credit_card_billing
This is unacceptable. the 2FA code sent by your bank is always invalid even though I enter it right away.,mobile_app_otp
This is my third complaint about this issue. i've requested OTP 10 times in the last hour and haven't received a single one.,mobile_app_otp
I need urgent help — i'm locked out of online banking after too many incorrect password attempts. Please reset my access.,online_banking_access
This is unacceptable. app is stuck on the loading screen after I enter my login details. This has happened for two days straight. I expect a response within 24 hours.,mobile_app_login
"Hi, I'm writing to complain that fund transfer on the mobile banking app shows 'Pending' for over 24 hours. The amount has been deducted.",mobile_app_transfer
"Hi, I'm writing to complain that i topped up my ETC card RM 3,818.96 but the toll system still shows zero balance. Please resolve this immediately.",etc_card_topup
"Dear support team, your mobile app login page just spins and never loads. I've been unable to access my account since February 26, 2026. I will escalate to the regulator if this is not resolved.",mobile_app_login
I need urgent help — the toll system said my ETC card was invalid even though it's registered and topped up.,etc_card_toll
Your internet banking website is extremely slow and times out before I can complete any transaction. I will escalate to the regulator if this is not resolved.,online_banking_access
"Hi, I'm writing to complain that my account shows a credit reversal that I never initiated. Balance is now lower than expected.",account_balance
"Hi, I'm writing to complain that i see a charge of RM 2,350.90 on my credit card statement that I did not authorize. Please resolve this immediately.",credit_card_billing
My credit card minimum payment due is incorrect. The calculation doesn't match my statement. I expect a response within 24 hours.,credit_card_billing
"Every time I try to log into the TrustBank app, it shows an error code 7022 and kicks me out. I'm considering switching banks over this.",mobile_app_login
I'm not getting 2FA codes via your banking app. My phone number is correct in your system. This is affecting my daily life.,mobile_app_otp
My credit card keeps getting declined even though I paid off the full balance last week. I will escalate to the regulator if this is not resolved.,credit_card_declined
This is unacceptable. your mobile banking app crashes every time I try to open it on my iPhone 14 Pro. I will escalate to the regulator if this is not resolved.,mobile_app_crash
I've been a loyal customer for years and now there is an unknown charge from a merchant I've never heard of on my credit card bill. I expect a response within 24 hours.,credit_card_billing
My account statement shows a different balance than what the ATM and app display. I will escalate to the regulator if this is not resolved.,account_balance
I've been a loyal customer for years and now the toll plaza scanner rejected my ETC card three times. I had to pay cash as a result. Please resolve this immediately.,etc_card_toll
I need urgent help — my ETC card registration shows active but the toll system keeps rejecting it. I expect a response within 24 hours.,etc_card_toll
This is unacceptable. my new debit card was blocked before I even activated it. I cannot make any purchases. I will escalate to the regulator if this is not resolved.,debit_card_blocked
I need urgent help — eTC card reader at the KLCC toll failed to scan my card. The barrier didn't open.,etc_card_toll
I am extremely frustrated because i tried to reload my ETC card at a top-up kiosk and it rejected my debit card. I will escalate to the regulator if this is not resolved.,etc_card_topup
My credit card bill shows a foreign transaction fee for a purchase I made domestically. Please resolve this immediately.,credit_card_billing
"Dear support team, banking app keeps crashing after I tap on 'View Statement'. Other features work fine. I'm considering switching banks over this.",mobile_app_crash
I am extremely frustrated because my ETC card is not being detected at any toll booth since yesterday. I will escalate to the regulator if this is not resolved.,etc_card_toll
"I can see my pending transactions but they never cleared, and my available balance is wrong. I will escalate to the regulator if this is not resolved.",account_balance
ETC card top-up via ATM was successful but the balance on the card wasn't updated. This is affecting my daily life.,etc_card_topup
ETC card top-up via ATM was successful but the balance on the card wasn't updated.,etc_card_topup
"Dear support team, login button is not responding on the mobile banking app. I've tapped it dozens of times.",mobile_app_login
"Hi, I'm writing to complain that eTC card top-up via ATM was successful but the balance on the card wasn't updated. This is affecting my daily life.",etc_card_topup
"Dear support team, mobile app transfer failed midway. The money left my account but the recipient didn't receive it. I will escalate to the regulator if this is not resolved.",mobile_app_transfer
I've been a loyal customer for years and now my ETC card registration shows active but the toll system keeps rejecting it.,etc_card_toll
This is unacceptable. my debit card was blocked due to 'suspicious activity' but all transactions were made by me. I expect a response within 24 hours.,debit_card_blocked
I've been a loyal customer for years and now the ATM shows my transaction was successful but didn't give me the cash. I expect a response within 24 hours.,debit_card_atm
I'm contacting you because the app freezes for 5 minutes every time I try to view my credit card bill.,mobile_app_crash
"Hi, I'm writing to complain that i inserted my debit card in your ATM and it got stuck. The machine ate my card. This is affecting my daily life.",debit_card_atm
I've noticed regular small debits from my account that I don't recognize. Possible fraud. I will escalate to the regulator if this is not resolved.,account_balance
Banking app keeps crashing after I tap on 'View Statement'. Other features work fine. I expect a response within 24 hours.,mobile_app_crash
This is my third complaint about this issue. login button is not responding on the mobile banking app. I've tapped it dozens of times.,mobile_app_login
"Dear support team, i can't find the ETC card top-up option in the banking app anymore. It seems to have disappeared. I will escalate to the regulator if this is not resolved.",etc_card_topup
I need urgent help — the app freezes for 5 minutes every time I try to view my credit card bill.,mobile_app_crash
The transfer confirmation page in the app keeps refreshing without completing the transaction. Please resolve this immediately.,mobile_app_transfer
"This is unacceptable. i can see my pending transactions but they never cleared, and my available balance is wrong.",account_balance
I'm contacting you because i successfully log into online banking but all menu options are greyed out and unclickable. Please resolve this immediately.,online_banking_access
I'm contacting you because my credit card ending in 1996 was declined at a AEON Mall store even though I have available credit. I'm considering switching banks over this.,credit_card_declined
The online banking portal redirects me to an error page every time I try to log in. Please resolve this immediately.,online_banking_access
"Credit card declined for an online purchase of RM 1,130.01. My card is active and not expired. I'm considering switching banks over this.",credit_card_declined
I need urgent help — my ETC card was not recognized at the toll booth on the highway today.,etc_card_toll
This is my third complaint about this issue. i traveled abroad and my debit card was blocked without warning. I have no access to cash. I will escalate to the regulator if this is not resolved.,debit_card_blocked
App closes unexpectedly while I'm in the middle of making a payment. Very frustrating. Please resolve this immediately.,mobile_app_crash
"Dear support team, online banking shows my old address and I cannot update my profile. The save button is broken. I'm considering switching banks over this.",online_banking_access
I'm contacting you because online top-up for my ETC card failed but the payment was debited from my bank account.,etc_card_topup
This is my third complaint about this issue. top-up transaction for my ETC card is showing 'processing' for 48 hours with no update. Please resolve this immediately.,etc_card_topup
"Dear support team, i'm not getting 2FA codes via your banking app. My phone number is correct in your system. I expect a response within 24 hours.",mobile_app_otp
App closes unexpectedly while I'm in the middle of making a payment. Very frustrating.,mobile_app_crash
I've been a loyal customer for years and now the mobile app is saying my OTP is incorrect even though I'm entering it exactly as received. Please resolve this immediately.,mobile_app_otp
I'm contacting you because debit card shows as frozen in the app but I didn't freeze it. Please unblock it. I'm considering switching banks over this.,debit_card_blocked
I'm contacting you because aTM withdrew money from my account but dispensed the wrong amount. I expect a response within 24 hours.,debit_card_atm
I've been a loyal customer for years and now my credit card interest rate was changed without prior notification. My bill is much higher than expected. Please resolve this immediately.,credit_card_billing
I'm contacting you because your app has been crashing non-stop since the latest iOS update. Please release a patch. Please resolve this immediately.,mobile_app_crash
"Dear support team, the app asks for my password then immediately freezes. I have to force close it and start over.",mobile_app_login
This is unacceptable. aTM withdrew money from my account but dispensed the wrong amount. I expect a response within 24 hours.,debit_card_atm
This is unacceptable. i'm unable to reset my online banking password. The 'Forgot Password' link doesn't work.,online_banking_access
"Dear support team, my new debit card was blocked before I even activated it. I cannot make any purchases. I'm considering switching banks over this.",debit_card_blocked
"Dear support team, i was charged RM 2,668.44 for a service I cancelled two months ago. Still appearing on my card.",credit_card_billing
"Hi, I'm writing to complain that i'm unable to make overseas transfers via the app. It keeps timing out at the final step.",mobile_app_transfer
"Hi, I'm writing to complain that my card was declined for a small transaction of RM 2,686.59. This makes no sense given my credit limit. I expect a response within 24 hours.",credit_card_declined
"This is unacceptable. my card was declined for a small transaction of RM 1,372.58. This makes no sense given my credit limit.",credit_card_declined
"Dear support team, i tried to withdraw RM 3,554.58 from the ATM but it failed and I was still charged. I will escalate to the regulator if this is not resolved.",debit_card_atm
I am extremely frustrated because online banking login page is down. I've tried multiple browsers and devices.,online_banking_access
Top-up transaction for my ETC card is showing 'processing' for 48 hours with no update. This is affecting my daily life.,etc_card_topup
The 2FA code sent by your bank is always invalid even though I enter it right away. This is affecting my daily life.,mobile_app_otp
I am extremely frustrated because cannot sign into mobile banking — it keeps asking me to re-register my device even though I've done it multiple times. This is affecting my daily life.,mobile_app_login
I am extremely frustrated because i tried to use my CitiCore Bank debit card and got a 'Card restricted' message. I haven't done anything wrong. I will escalate to the regulator if this is not resolved.,debit_card_blocked
Debit card suddenly stopped working. I called customer service but they couldn't explain why. I'm considering switching banks over this.,debit_card_blocked
I keep getting 'Card declined' error when using my credit card for contactless payments.,credit_card_declined
I've been a loyal customer for years and now eTC card reader at the KLCC toll failed to scan my card. The barrier didn't open. I'm considering switching banks over this.,etc_card_toll
"Hi, I'm writing to complain that eTC card works at some toll booths but not others. Inconsistent behavior is causing issues. I'm considering switching banks over this.",etc_card_toll
This is unacceptable. my credit card keeps getting declined even though I paid off the full balance last week. I expect a response within 24 hours.,credit_card_declined
Credit card is being declined for international online purchases. Please check if international transactions are blocked.,credit_card_declined
This is unacceptable. online banking session times out in 30 seconds even when I'm actively using it. I will escalate to the regulator if this is not resolved.,online_banking_access
I've been a loyal customer for years and now there are duplicate debits on my account that don't match any transaction I made. This is affecting my daily life.,account_balance
I need urgent help — my debit card works at ATMs but is declined at POS terminals in shops. I expect a response within 24 hours.,debit_card_blocked
This is my third complaint about this issue. i did a balance inquiry at the ATM and it showed a lower balance than what's in my account. I expect a response within 24 hours.,debit_card_atm
"Dear support team, the fingerprint login on my banking app suddenly stopped working. I cannot get into my account at all. I expect a response within 24 hours.",mobile_app_login
There is an unknown charge from a merchant I've never heard of on my credit card bill.,credit_card_billing
I've requested OTP 10 times in the last hour and haven't received a single one. I'm considering switching banks over this.,mobile_app_otp
"I'm embarrassed — my Unified Bank credit card was declined in front of everyone at the restaurant, even with sufficient credit limit.",credit_card_declined
"Every time I try to log into the MegaBank app, it shows an error code 2519 and kicks me out. I'm considering switching banks over this.",mobile_app_login
This is my third complaint about this issue. online banking login page is down. I've tried multiple browsers and devices. Please resolve this immediately.,online_banking_access
I need urgent help — internet banking is not loading on my computer. I need to transfer funds urgently. Please resolve this immediately.,online_banking_access
"Hi, I'm writing to complain that your app has been crashing non-stop since the latest iOS update. Please release a patch. I expect a response within 24 hours.",mobile_app_crash
This is my third complaint about this issue. online top-up for my ETC card failed but the payment was debited from my bank account. I will escalate to the regulator if this is not resolved.,etc_card_topup
"This is my third complaint about this issue. my account balance is showing incorrect information. There is RM 2,027.34 missing that I cannot account for. Please resolve this immediately.",account_balance
ETC card top-up via ATM was successful but the balance on the card wasn't updated. I'm considering switching banks over this.,etc_card_topup
This is my third complaint about this issue. the ATM shows my transaction was successful but didn't give me the cash. I will escalate to the regulator if this is not resolved.,debit_card_atm
"Hi, I'm writing to complain that the toll plaza scanner rejected my ETC card three times. I had to pay cash as a result. I expect a response within 24 hours.",etc_card_toll
I've been a loyal customer for years and now the app asks for my password then immediately freezes. I have to force close it and start over. I expect a response within 24 hours.,mobile_app_login
"Dear support team, the toll system said my ETC card was invalid even though it's registered and topped up. I'm considering switching banks over this.",etc_card_toll
This is unacceptable. eTC card transponder seems to have failed. I'm getting error beeps at every toll plaza.,etc_card_toll
"Hi, I'm writing to complain that credit card is being declined for international online purchases. Please check if international transactions are blocked.",credit_card_declined
"Hi, I'm writing to complain that my account statement shows a different balance than what the ATM and app display. This is affecting my daily life.",account_balance
I am extremely frustrated because eTC card auto top-up feature stopped working. My card balance is zero and I can't pay tolls.,etc_card_topup
I am extremely frustrated because the bank blocked my debit card without sending me a notification or reason. This is affecting my daily life.,debit_card_blocked
"Dear support team, i'm experiencing constant app crashes on my Pixel 8. The app is unusable right now. I'm considering switching banks over this.",mobile_app_crash
ATM dispensed short of the requested amount but debited my account for the full amount. I expect a response within 24 hours.,debit_card_atm
I'm contacting you because i tried to top up my ETC card via the mobile app but the top-up failed and money was deducted. Please resolve this immediately.,etc_card_topup
Mobile app keeps logging me out immediately after I sign in. This is happening on my Huawei P60. This is affecting my daily life.,mobile_app_login
My new debit card was blocked before I even activated it. I cannot make any purchases. Please resolve this immediately.,debit_card_blocked
"Dear support team, i tried to use my credit card at Watsons but it was declined without any reason.",credit_card_declined
I'm contacting you because the app freezes for 5 minutes every time I try to view my credit card bill.,mobile_app_crash
The interbank transfer feature in your app has been broken for 3 days. I urgently need to move funds. This is affecting my daily life.,mobile_app_transfer
My debit card works at ATMs but is declined at POS terminals in shops. Please resolve this immediately.,debit_card_blocked
I am extremely frustrated because your app has been crashing non-stop since the latest iOS update. Please release a patch. This is affecting my daily life.,mobile_app_crash
This is unacceptable. my account shows a credit reversal that I never initiated. Balance is now lower than expected. I'm considering switching banks over this.,account_balance
I've been a loyal customer for years and now i was charged for an ATM withdrawal that never happened. The machine malfunctioned. I expect a response within 24 hours.,debit_card_atm
"Dear support team, the bank blocked my debit card without sending me a notification or reason. Please resolve this immediately.",debit_card_blocked
I tried to use my PrimeBank debit card and got a 'Card restricted' message. I haven't done anything wrong. Please resolve this immediately.,debit_card_blocked
ATM dispensed short of the requested amount but debited my account for the full amount.,debit_card_atm
I need urgent help — i've noticed regular small debits from my account that I don't recognize. Possible fraud. I'm considering switching banks over this.,account_balance
I need urgent help — app crashes when I try to upload a photo of my check for mobile deposit.,mobile_app_crash
"Hi, I'm writing to complain that my credit card minimum payment due is incorrect. The calculation doesn't match my statement.",credit_card_billing
This is unacceptable. my account statement shows a different balance than what the ATM and app display. I expect a response within 24 hours.,account_balance
"Dear support team, eTC card auto reload failed multiple times this month, leaving me unable to use the highway.",etc_card_topup
"I was charged RM 2,090.62 for a service I cancelled two months ago. Still appearing on my card.",credit_card_billing
"Dear support team, my credit card minimum payment due is incorrect. The calculation doesn't match my statement.",credit_card_billing
I've been a loyal customer for years and now my credit card interest rate was changed without prior notification. My bill is much higher than expected. I'm considering switching banks over this.,credit_card_billing
"Dear support team, the transfer confirmation page in the app keeps refreshing without completing the transaction.",mobile_app_transfer
"This is my third complaint about this issue. i topped up my ETC card RM 4,055.46 but the toll system still shows zero balance. I'm considering switching banks over this.",etc_card_topup
Mobile banking app doubled my transfer — debited my account twice for a single transaction. I expect a response within 24 hours.,mobile_app_transfer
ATM gave me an error message and kept my card. Transaction reference: TXN-CAHV-248902. Please resolve this immediately.,debit_card_atm
"Hi, I'm writing to complain that i was fined for not paying toll because my ETC card wasn't recognized. Please help.",etc_card_toll
ETC card transponder seems to have failed. I'm getting error beeps at every toll plaza.,etc_card_toll
I'm contacting you because i tried to top up my ETC card via the mobile app but the top-up failed and money was deducted.,etc_card_topup
I've been a loyal customer for years and now cannot sign into mobile banking — it keeps asking me to re-register my device even though I've done it multiple times.,mobile_app_login
"Dear support team, my credit card statement shows a late fee even though I paid the minimum amount on time. Please resolve this immediately.",credit_card_billing
Cannot sign into mobile banking — it keeps asking me to re-register my device even though I've done it multiple times.,mobile_app_login
I am extremely frustrated because i attempted an urgent bank transfer but the app gave an error and I cannot see if it went through.,mobile_app_transfer
My debit card was suddenly blocked. I cannot use it for any transactions. I will escalate to the regulator if this is not resolved.,debit_card_blocked
This is my third complaint about this issue. i transferred money in but my account balance hasn't updated. The funds seem to have disappeared. I'm considering switching banks over this.,account_balance
I'm contacting you because i returned a product but the refund hasn't appeared on my credit card statement after 3 weeks. I will escalate to the regulator if this is not resolved.,credit_card_billing
I am extremely frustrated because my credit card minimum payment due is incorrect. The calculation doesn't match my statement. Please resolve this immediately.,credit_card_billing
"I've been a loyal customer for years and now i tried to transfer RM 1,549.94 to my savings account via the mobile app but the transaction failed and the money is gone.",mobile_app_transfer
I'm contacting you because online banking login page is down. I've tried multiple browsers and devices.,online_banking_access
I've been a loyal customer for years and now my credit card bill shows a foreign transaction fee for a purchase I made domestically. Please resolve this immediately.,credit_card_billing
I've been a loyal customer for years and now i cannot use my debit card online. It's being declined for all internet purchases. This is affecting my daily life.,debit_card_blocked
There is an unknown charge from a merchant I've never heard of on my credit card bill. Please resolve this immediately.,credit_card_billing
"Dear support team, the one-time password your app sends has already expired by the time I receive it on my phone. I expect a response within 24 hours.",mobile_app_otp
I see charges on my credit card from a date when the card was in my wallet and unused. Please resolve this immediately.,credit_card_billing
This is my third complaint about this issue. my credit card transaction was declined at a supermarket. I had more than enough credit available. Please resolve this immediately.,credit_card_declined
I'm contacting you because the one-time password your app sends has already expired by the time I receive it on my phone. I will escalate to the regulator if this is not resolved.,mobile_app_otp
I keep getting 'Card declined' error when using my credit card for contactless payments. I'm considering switching banks over this.,credit_card_declined
"I am extremely frustrated because eTC card auto reload failed multiple times this month, leaving me unable to use the highway. Please resolve this immediately.",etc_card_topup
"Hi, I'm writing to complain that i'm unable to make overseas transfers via the app. It keeps timing out at the final step. I will escalate to the regulator if this is not resolved.",mobile_app_transfer
This is my third complaint about this issue. my debit card got stuck in the ATM slot. It won't come out and the screen has gone blank.,debit_card_atm
I am extremely frustrated because i'm unable to reset my online banking password. The 'Forgot Password' link doesn't work.,online_banking_access
I've been a loyal customer for years and now banking app keeps crashing after I tap on 'View Statement'. Other features work fine.,mobile_app_crash
I'm being charged an annual fee I never agreed to on my credit card account. This is affecting my daily life.,credit_card_billing
The online banking portal redirects me to an error page every time I try to log in. Please resolve this immediately.,online_banking_access
I'm contacting you because i was billed twice for the same transaction at Shell on my credit card. I'm considering switching banks over this.,credit_card_billing
"I need urgent help — aTM swallowed my debit card and didn't dispense the RM 3,142.98 I requested.",debit_card_atm
The banking app on my Huawei P60 won't let me sign in. I've tried resetting my password three times but the login still fails. This is affecting my daily life.,mobile_app_login
I'm contacting you because online top-up for my ETC card failed but the payment was debited from my bank account. This is affecting my daily life.,etc_card_topup
I've been a loyal customer for years and now eTC card reader at the Petaling Jaya toll failed to scan my card. The barrier didn't open. I expect a response within 24 hours.,etc_card_toll
I am extremely frustrated because online top-up for my ETC card failed but the payment was debited from my bank account.,etc_card_topup
I need urgent help — i was billed twice for the same transaction at Watsons on my credit card. This is affecting my daily life.,credit_card_billing
I've been a loyal customer for years and now my debit card was blocked after one failed PIN attempt. This is very inconvenient.,debit_card_blocked
I updated the app last night and now I can't log in. The screen goes blank after I enter my credentials. I will escalate to the regulator if this is not resolved.,mobile_app_login
This is unacceptable. my credit card ending in 9070 was declined at a Shopee store even though I have available credit.,credit_card_declined
"Dear support team, my salary was credited but an unauthorized debit brought my balance to nearly zero. Please resolve this immediately.",account_balance
I attempted an urgent bank transfer but the app gave an error and I cannot see if it went through. I'm considering switching banks over this.,mobile_app_transfer
I've been a loyal customer for years and now i successfully log into online banking but all menu options are greyed out and unclickable. I'm considering switching banks over this.,online_banking_access
App crashes when I try to upload a photo of my check for mobile deposit. This is affecting my daily life.,mobile_app_crash
"Dear support team, my savings account balance dropped by RM 3,661.13 overnight with no transaction showing on my statement.",account_balance
I am extremely frustrated because my debit card was blocked due to 'suspicious activity' but all transactions were made by me. This is affecting my daily life.,debit_card_blocked
I've been a loyal customer for years and now my debit card was suddenly blocked. I cannot use it for any transactions. This is affecting my daily life.,debit_card_blocked
"Dear support team, my credit card transaction was declined at a supermarket. I had more than enough credit available.",credit_card_declined
This is unacceptable. i'm locked out of online banking after too many incorrect password attempts. Please reset my access. I will escalate to the regulator if this is not resolved.,online_banking_access
I'm contacting you because my ETC card is not being detected at any toll booth since yesterday. This is affecting my daily life.,etc_card_toll
My credit card minimum payment due is incorrect. The calculation doesn't match my statement.,credit_card_billing
"Hi, I'm writing to complain that the transfer confirmation page in the app keeps refreshing without completing the transaction.",mobile_app_transfer
I'm unable to make overseas transfers via the app. It keeps timing out at the final step. Please resolve this immediately.,mobile_app_transfer
I've been a loyal customer for years and now the banking app on my iPhone 15 won't let me sign in. I've tried resetting my password three times but the login still fails. Please resolve this immediately.,mobile_app_login
"Dear support team, my debit card was blocked after one failed PIN attempt. This is very inconvenient. I'm considering switching banks over this.",debit_card_blocked
This is unacceptable. i tried to use my MegaBank debit card and got a 'Card restricted' message. I haven't done anything wrong.,debit_card_blocked
"This is my third complaint about this issue. i see a charge of RM 1,998.20 on my credit card statement that I did not authorize. I will escalate to the regulator if this is not resolved.",credit_card_billing
The 2FA code sent by your bank is always invalid even though I enter it right away. I expect a response within 24 hours.,mobile_app_otp
"Dear support team, your mobile app login page just spins and never loads. I've been unable to access my account since March 22, 2026.",mobile_app_login
I need urgent help — login button is not responding on the mobile banking app. I've tapped it dozens of times.,mobile_app_login
I am extremely frustrated because i received a toll violation notice even though my ETC card was properly installed.,etc_card_toll
I'm contacting you because online top-up for my ETC card failed but the payment was debited from my bank account. I expect a response within 24 hours.,etc_card_topup
"I need urgent help — i drove through the toll lane and the ETC system didn't detect my card, causing a fine. I will escalate to the regulator if this is not resolved.",etc_card_toll
This is unacceptable. my account statement shows a different balance than what the ATM and app display.,account_balance
I cannot use my debit card online. It's being declined for all internet purchases. I expect a response within 24 hours.,debit_card_blocked
Debit card declined at ATM even though I entered the correct PIN and have sufficient balance.,debit_card_atm
I am extremely frustrated because my ETC card always worked before but suddenly stopped being recognized at toll gates.,etc_card_toll
The app freezes for 5 minutes every time I try to view my credit card bill.,mobile_app_crash
Banking app keeps crashing after I tap on 'View Statement'. Other features work fine. Please resolve this immediately.,mobile_app_crash
I am extremely frustrated because my account shows a credit reversal that I never initiated. Balance is now lower than expected. I expect a response within 24 hours.,account_balance
This is my third complaint about this issue. i deposited a cheque 5 days ago but it hasn't appeared in my account balance.,account_balance
"Dear support team, my savings account balance dropped by RM 3,052.09 overnight with no transaction showing on my statement. This is affecting my daily life.",account_balance
I need urgent help — online banking login page is down. I've tried multiple browsers and devices.,online_banking_access
My debit card was blocked due to 'suspicious activity' but all transactions were made by me. I expect a response within 24 hours.,debit_card_blocked
I keep requesting OTP but it never arrives. I've checked my signal and SMS inbox. Please resolve this immediately.,mobile_app_otp
"Hi, I'm writing to complain that i've been waiting 3 days for an ETC top-up to reflect on my card. Customer service is not helping.",etc_card_topup
"Dear support team, i'm being charged an annual fee I never agreed to on my credit card account.",credit_card_billing
My debit card works at ATMs but is declined at POS terminals in shops.,debit_card_blocked
"Hi, I'm writing to complain that the online banking portal redirects me to an error page every time I try to log in.",online_banking_access
"Hi, I'm writing to complain that internet banking is not loading on my computer. I need to transfer funds urgently. This is affecting my daily life.",online_banking_access
I returned a product but the refund hasn't appeared on my credit card statement after 3 weeks.,credit_card_billing
This is unacceptable. online banking session times out in 30 seconds even when I'm actively using it. I'm considering switching banks over this.,online_banking_access
This is my third complaint about this issue. my debit card was blocked due to 'suspicious activity' but all transactions were made by me. I'm considering switching banks over this.,debit_card_blocked
I've been a loyal customer for years and now the ATM near Petaling Jaya is broken and captured my debit card. Please retrieve it urgently. Please resolve this immediately.,debit_card_atm
Mobile banking app doubled my transfer — debited my account twice for a single transaction. Please resolve this immediately.,mobile_app_transfer
"I need urgent help — i tried to transfer RM 2,464.58 to my savings account via the mobile app but the transaction failed and the money is gone.",mobile_app_transfer
"Dear support team, i updated the app last night and now I can't log in. The screen goes blank after I enter my credentials. I'm considering switching banks over this.",mobile_app_login
I need urgent help — eTC card top-up via ATM was successful but the balance on the card wasn't updated. I expect a response within 24 hours.,etc_card_topup
I've been a loyal customer for years and now my credit card statement shows a late fee even though I paid the minimum amount on time. I expect a response within 24 hours.,credit_card_billing
"I've been a loyal customer for years and now my OTP SMS is arriving 20 minutes late, causing the code to expire before I can use it.",mobile_app_otp
I'm unable to make overseas transfers via the app. It keeps timing out at the final step. I expect a response within 24 hours.,mobile_app_transfer
I am extremely frustrated because eTC card top-up via ATM was successful but the balance on the card wasn't updated. I expect a response within 24 hours.,etc_card_topup
My credit card statement shows a late fee even though I paid the minimum amount on time. I will escalate to the regulator if this is not resolved.,credit_card_billing
"Hi, I'm writing to complain that i'm being charged an annual fee I never agreed to on my credit card account. I will escalate to the regulator if this is not resolved.",credit_card_billing
This is unacceptable. i was charged for an ATM withdrawal that never happened. The machine malfunctioned. This is affecting my daily life.,debit_card_atm
I need urgent help — oTP verification keeps failing. The code you send doesn't match what the app expects. Please resolve this immediately.,mobile_app_otp
Debit card suddenly stopped working. I called customer service but they couldn't explain why. I'm considering switching banks over this.,debit_card_blocked
App closes unexpectedly while I'm in the middle of making a payment. Very frustrating. Please resolve this immediately.,mobile_app_crash
I'm experiencing constant app crashes on my iPhone 14 Pro. The app is unusable right now. I will escalate to the regulator if this is not resolved.,mobile_app_crash
This is my third complaint about this issue. debit card suddenly stopped working. I called customer service but they couldn't explain why. This is affecting my daily life.,debit_card_blocked
I am extremely frustrated because the banking app on my Samsung Galaxy S24 won't let me sign in. I've tried resetting my password three times but the login still fails. I'm considering switching banks over this.,mobile_app_login
I am extremely frustrated because i updated the app last night and now I can't log in. The screen goes blank after I enter my credentials. I will escalate to the regulator if this is not resolved.,mobile_app_login
"This is my third complaint about this issue. i see a charge of RM 3,329.12 on my credit card statement that I did not authorize. Please resolve this immediately.",credit_card_billing
I've been a loyal customer for years and now oTP verification keeps failing. The code you send doesn't match what the app expects.,mobile_app_otp
This is unacceptable. the app freezes for 5 minutes every time I try to view my credit card bill. I expect a response within 24 hours.,mobile_app_crash
"Dear support team, i'm experiencing constant app crashes on my iPhone 14 Pro. The app is unusable right now.",mobile_app_crash
I was billed twice for the same transaction at Shopee on my credit card.,credit_card_billing
This is unacceptable. the fingerprint login on my banking app suddenly stopped working. I cannot get into my account at all. I expect a response within 24 hours.,mobile_app_login
Online banking session times out in 30 seconds even when I'm actively using it. I expect a response within 24 hours.,online_banking_access
I need urgent help — i've noticed regular small debits from my account that I don't recognize. Possible fraud. This is affecting my daily life.,account_balance
I need urgent help — my account balance shows negative even though I have funds deposited. This looks like a system error. I'm considering switching banks over this.,account_balance
I've been a loyal customer for years and now i cannot log in to your mobile banking app. It keeps saying 'invalid credentials' even though my password is correct. I expect a response within 24 hours.,mobile_app_login
I need urgent help — banking app keeps crashing after I tap on 'View Statement'. Other features work fine. I will escalate to the regulator if this is not resolved.,mobile_app_crash
Mobile app is unresponsive after I switch between accounts. I have to reinstall it every time.,mobile_app_crash
"Dear support team, the ATM shows my transaction was successful but didn't give me the cash.",debit_card_atm
I am extremely frustrated because my debit card got stuck in the ATM slot. It won't come out and the screen has gone blank. I will escalate to the regulator if this is not resolved.,debit_card_atm
Online top-up for my ETC card failed but the payment was debited from my bank account.,etc_card_topup
My credit card ending in 6535 was declined at a Shopee store even though I have available credit.,credit_card_declined
I'm contacting you because debit card shows as frozen in the app but I didn't freeze it. Please unblock it.,debit_card_blocked
I'm contacting you because your mobile banking app crashes every time I try to open it on my iPhone 15. I'm considering switching banks over this.,mobile_app_crash
"Dear support team, aTM dispensed short of the requested amount but debited my account for the full amount. I'm considering switching banks over this.",debit_card_atm
This is unacceptable. i was fined for not paying toll because my ETC card wasn't recognized. Please help.,etc_card_toll
"Hi, I'm writing to complain that the app asks for my password then immediately freezes. I have to force close it and start over. I'm considering switching banks over this.",mobile_app_login
"This is my third complaint about this issue. my savings account balance dropped by RM 2,332.18 overnight with no transaction showing on my statement. This is affecting my daily life.",account_balance
"Hi, I'm writing to complain that i've noticed regular small debits from my account that I don't recognize. Possible fraud.",account_balance
Your internet banking website is extremely slow and times out before I can complete any transaction. Please resolve this immediately.,online_banking_access
"Hi, I'm writing to complain that eTC card works at some toll booths but not others. Inconsistent behavior is causing issues.",etc_card_toll
This is unacceptable. i inserted my debit card in your ATM and it got stuck. The machine ate my card.,debit_card_atm
I've been a loyal customer for years and now i'm not receiving the OTP SMS needed to complete my transaction. I've been waiting 30 minutes. I expect a response within 24 hours.,mobile_app_otp
Top-up transaction for my ETC card is showing 'processing' for 48 hours with no update. I expect a response within 24 hours.,etc_card_topup
This is my third complaint about this issue. eTC card reader at the Subang toll failed to scan my card. The barrier didn't open.,etc_card_toll
I can't find the ETC card top-up option in the banking app anymore. It seems to have disappeared. I expect a response within 24 hours.,etc_card_topup
"Hi, I'm writing to complain that the authentication code you sent is 6 digits but the app field only accepts 4 digits.",mobile_app_otp
I am extremely frustrated because my fixed deposit maturity amount was not credited to my account on the due date. I'm considering switching banks over this.,account_balance
The one-time password your app sends has already expired by the time I receive it on my phone. This is affecting my daily life.,mobile_app_otp
Online banking shows my old address and I cannot update my profile. The save button is broken. Please resolve this immediately.,online_banking_access
I am extremely frustrated because internet banking is not loading on my computer. I need to transfer funds urgently. I expect a response within 24 hours.,online_banking_access
The banking app on my OnePlus 12 won't let me sign in. I've tried resetting my password three times but the login still fails.,mobile_app_login
Online banking session times out in 30 seconds even when I'm actively using it. I will escalate to the regulator if this is not resolved.,online_banking_access
The authentication code you sent is 6 digits but the app field only accepts 4 digits.,mobile_app_otp
I've been a loyal customer for years and now i keep getting 'Card declined' error when using my credit card for contactless payments. This is affecting my daily life.,credit_card_declined
I am extremely frustrated because app crashes when I try to upload a photo of my check for mobile deposit. Please resolve this immediately.,mobile_app_crash
The app crashes after the latest update v7.0.4. Please fix this urgently. I expect a response within 24 hours.,mobile_app_crash
"Hi, I'm writing to complain that i see charges on my credit card from a date when the card was in my wallet and unused.",credit_card_billing
"Dear support team, aTM withdrew money from my account but dispensed the wrong amount. I'm considering switching banks over this.",debit_card_atm
This is unacceptable. my credit card bill shows a foreign transaction fee for a purchase I made domestically. I expect a response within 24 hours.,credit_card_billing
"Hi, I'm writing to complain that i returned a product but the refund hasn't appeared on my credit card statement after 3 weeks.",credit_card_billing
This is my third complaint about this issue. app is stuck on the loading screen after I enter my login details. This has happened for two days straight. This is affecting my daily life.,mobile_app_login
I am extremely frustrated because the ATM shows my transaction was successful but didn't give me the cash.,debit_card_atm
Internet banking is not loading on my computer. I need to transfer funds urgently.,online_banking_access
"Dear support team, fund transfer on the mobile banking app shows 'Pending' for over 24 hours. The amount has been deducted.",mobile_app_transfer
I need urgent help — oTP is not being sent to my registered mobile number (358)714-1445. I cannot complete my login. I expect a response within 24 hours.,mobile_app_otp
I need urgent help — i deposited a cheque 5 days ago but it hasn't appeared in my account balance. I expect a response within 24 hours.,account_balance
This is unacceptable. the ATM near KLCC is broken and captured my debit card. Please retrieve it urgently. I'm considering switching banks over this.,debit_card_atm
I need urgent help — the mobile app is saying my OTP is incorrect even though I'm entering it exactly as received.,mobile_app_otp
Mobile app keeps logging me out immediately after I sign in. This is happening on my OnePlus 12. I expect a response within 24 hours.,mobile_app_login
Cannot sign into mobile banking — it keeps asking me to re-register my device even though I've done it multiple times.,mobile_app_login
I'm not getting 2FA codes via your banking app. My phone number is correct in your system. Please resolve this immediately.,mobile_app_otp
This is unacceptable. internet banking is not loading on my computer. I need to transfer funds urgently.,online_banking_access
I am extremely frustrated because the toll plaza scanner rejected my ETC card three times. I had to pay cash as a result.,etc_card_toll
I am extremely frustrated because my credit card ending in 4103 was declined at a Shell store even though I have available credit. Please resolve this immediately.,credit_card_declined
This is unacceptable. app is stuck on the loading screen after I enter my login details. This has happened for two days straight. I expect a response within 24 hours.,mobile_app_login
I've been a loyal customer for years and now the toll system said my ETC card was invalid even though it's registered and topped up. I will escalate to the regulator if this is not resolved.,etc_card_toll
I've been a loyal customer for years and now login button is not responding on the mobile banking app. I've tapped it dozens of times. Please resolve this immediately.,mobile_app_login
I need urgent help — i'm being charged an annual fee I never agreed to on my credit card account. This is affecting my daily life.,credit_card_billing
"Dear support team, aTM dispensed short of the requested amount but debited my account for the full amount. This is affecting my daily life.",debit_card_atm
This is unacceptable. i was billed twice for the same transaction at Grab on my credit card.,credit_card_billing
I am extremely frustrated because login button is not responding on the mobile banking app. I've tapped it dozens of times. This is affecting my daily life.,mobile_app_login
The online banking portal redirects me to an error page every time I try to log in.,online_banking_access
I've been a loyal customer for years and now the top-up limit for my ETC card was reduced without notice. I cannot add the amount I need. This is affecting my daily life.,etc_card_topup
I need urgent help — i returned a product but the refund hasn't appeared on my credit card statement after 3 weeks.,credit_card_billing
I am extremely frustrated because mobile app is unresponsive after I switch between accounts. I have to reinstall it every time.,mobile_app_crash
This is unacceptable. credit card declined for an online purchase of RM 77.68. My card is active and not expired. Please resolve this immediately.,credit_card_declined
I need urgent help — i'm getting 'Session expired' error right after I log in. Cannot stay logged into the app. I expect a response within 24 hours.,mobile_app_login
The toll plaza scanner rejected my ETC card three times. I had to pay cash as a result. Please resolve this immediately.,etc_card_toll
"Dear support team, my credit card keeps getting declined even though I paid off the full balance last week.",credit_card_declined
"I am extremely frustrated because credit card declined for an online purchase of RM 2,427.20. My card is active and not expired.",credit_card_declined
"Dear support team, my credit card interest rate was changed without prior notification. My bill is much higher than expected. I will escalate to the regulator if this is not resolved.",credit_card_billing
This is unacceptable. the bank blocked my debit card without sending me a notification or reason. I expect a response within 24 hours.,debit_card_blocked
"Hi, I'm writing to complain that i cannot log in to your mobile banking app. It keeps saying 'invalid credentials' even though my password is correct. I expect a response within 24 hours.",mobile_app_login
This is my third complaint about this issue. online banking dashboard shows all zeros — my accounts and transactions are not displaying. I expect a response within 24 hours.,online_banking_access
I am extremely frustrated because i deposited a cheque 5 days ago but it hasn't appeared in my account balance. I expect a response within 24 hours.,account_balance
"Dear support team, eTC card works at some toll booths but not others. Inconsistent behavior is causing issues. This is affecting my daily life.",etc_card_toll
The one-time password your app sends has already expired by the time I receive it on my phone.,mobile_app_otp
"Hi, I'm writing to complain that i'm getting 'Session expired' error right after I log in. Cannot stay logged into the app.",mobile_app_login
"Dear support team, my debit card works at ATMs but is declined at POS terminals in shops. I expect a response within 24 hours.",debit_card_blocked
I am extremely frustrated because i deposited a cheque 5 days ago but it hasn't appeared in my account balance.,account_balance
I need urgent help — online banking dashboard shows all zeros — my accounts and transactions are not displaying. This is affecting my daily life.,online_banking_access
I need urgent help — mobile app is unresponsive after I switch between accounts. I have to reinstall it every time. I'm considering switching banks over this.,mobile_app_crash
My salary was credited but an unauthorized debit brought my balance to nearly zero.,account_balance
"Dear support team, i tried to top up my ETC card via the mobile app but the top-up failed and money was deducted. I expect a response within 24 hours.",etc_card_topup
"I tried to withdraw RM 1,715.02 from the ATM but it failed and I was still charged. I'm considering switching banks over this.",debit_card_atm
I received a toll violation notice even though my ETC card was properly installed. I'm considering switching banks over this.,etc_card_toll
This is my third complaint about this issue. i tried to use my credit card at Lazada but it was declined without any reason. I will escalate to the regulator if this is not resolved.,credit_card_declined
My debit card was blocked due to 'suspicious activity' but all transactions were made by me. Please resolve this immediately.,debit_card_blocked
I've been a loyal customer for years and now credit card declined for a recurring subscription payment I've been making for 2 years.,credit_card_declined
I'm not getting 2FA codes via your banking app. My phone number is correct in your system.,mobile_app_otp
ETC card top-up via ATM was successful but the balance on the card wasn't updated.,etc_card_topup
This is unacceptable. my ETC card registration shows active but the toll system keeps rejecting it.,etc_card_toll
I need urgent help — my ETC card was not recognized at the toll booth on the highway today. I will escalate to the regulator if this is not resolved.,etc_card_toll
"Hi, I'm writing to complain that oTP is not being sent to my registered mobile number +1-824-829-0411x942. I cannot complete my login.",mobile_app_otp
"Hi, I'm writing to complain that the bank blocked my debit card without sending me a notification or reason. Please resolve this immediately.",debit_card_blocked
"I need urgent help — every time I try to log into the FirstCity Bank app, it shows an error code 7274 and kicks me out.",mobile_app_login
This is unacceptable. the banking app on my Pixel 8 won't let me sign in. I've tried resetting my password three times but the login still fails. I will escalate to the regulator if this is not resolved.,mobile_app_login
I need urgent help — i'm locked out of online banking after too many incorrect password attempts. Please reset my access. I'm considering switching banks over this.,online_banking_access
This is my third complaint about this issue. i've been waiting 3 days for an ETC top-up to reflect on my card. Customer service is not helping.,etc_card_topup
I received a toll violation notice even though my ETC card was properly installed. This is affecting my daily life.,etc_card_toll
"Dear support team, i tried to transfer RM 519.30 to my savings account via the mobile app but the transaction failed and the money is gone. I will escalate to the regulator if this is not resolved.",mobile_app_transfer
I need urgent help — mobile app keeps logging me out immediately after I sign in. This is happening on my Huawei P60. I will escalate to the regulator if this is not resolved.,mobile_app_login
I'm contacting you because my debit card got stuck in the ATM slot. It won't come out and the screen has gone blank. I'm considering switching banks over this.,debit_card_atm
The toll plaza scanner rejected my ETC card three times. I had to pay cash as a result. I will escalate to the regulator if this is not resolved.,etc_card_toll
My debit card works at ATMs but is declined at POS terminals in shops. This is affecting my daily life.,debit_card_blocked
The one-time password your app sends has already expired by the time I receive it on my phone. I'm considering switching banks over this.,mobile_app_otp
"Dear support team, my account statement shows a different balance than what the ATM and app display. This is affecting my daily life.",account_balance
"My card was declined for a small transaction of RM 1,772.73. This makes no sense given my credit limit.",credit_card_declined
I'm contacting you because my credit card statement shows a late fee even though I paid the minimum amount on time. I expect a response within 24 hours.,credit_card_billing
The app freezes for 5 minutes every time I try to view my credit card bill.,mobile_app_crash
I've been a loyal customer for years and now aTM withdrew money from my account but dispensed the wrong amount.,debit_card_atm
I've requested OTP 10 times in the last hour and haven't received a single one.,mobile_app_otp
I am extremely frustrated because i've requested OTP 10 times in the last hour and haven't received a single one. I will escalate to the regulator if this is not resolved.,mobile_app_otp
I've been a loyal customer for years and now my ETC card top-up hasn't been credited even after 25 hours. Transaction reference: TXN-GIPQ-956114. I will escalate to the regulator if this is not resolved.,etc_card_topup
This is my third complaint about this issue. i'm unable to make overseas transfers via the app. It keeps timing out at the final step.,mobile_app_transfer
I'm contacting you because the toll system said my ETC card was invalid even though it's registered and topped up.,etc_card_toll
ETC card auto top-up feature stopped working. My card balance is zero and I can't pay tolls. I will escalate to the regulator if this is not resolved.,etc_card_topup
ATM swallowed my debit card and didn't dispense the RM 577.09 I requested.,debit_card_atm
I am extremely frustrated because i traveled abroad and my debit card was blocked without warning. I have no access to cash.,debit_card_blocked
"ETC card auto reload failed multiple times this month, leaving me unable to use the highway.",etc_card_topup
I am extremely frustrated because online banking shows my old address and I cannot update my profile. The save button is broken. Please resolve this immediately.,online_banking_access
I am extremely frustrated because my new debit card was blocked before I even activated it. I cannot make any purchases. Please resolve this immediately.,debit_card_blocked
I've been a loyal customer for years and now my new debit card was blocked before I even activated it. I cannot make any purchases.,debit_card_blocked
I've been a loyal customer for years and now i'm getting 'Session expired' error right after I log in. Cannot stay logged into the app.,mobile_app_login
"Dear support team, i returned a product but the refund hasn't appeared on my credit card statement after 3 weeks. I expect a response within 24 hours.",credit_card_billing
"Hi, I'm writing to complain that online banking login page is down. I've tried multiple browsers and devices. Please resolve this immediately.",online_banking_access
"This is unacceptable. i drove through the toll lane and the ETC system didn't detect my card, causing a fine. I'm considering switching banks over this.",etc_card_toll
I am extremely frustrated because the authentication code you sent is 6 digits but the app field only accepts 4 digits. Please resolve this immediately.,mobile_app_otp
I couldn't pay my hotel bill because your credit card was declined. This caused serious embarrassment.,credit_card_declined
This is unacceptable. your mobile banking app crashes every time I try to open it on my iPhone 14 Pro. I will escalate to the regulator if this is not resolved.,mobile_app_crash
I updated the app last night and now I can't log in. The screen goes blank after I enter my credentials.,mobile_app_login
I've been a loyal customer for years and now i couldn't pay my hotel bill because your credit card was declined. This caused serious embarrassment. I expect a response within 24 hours.,credit_card_declined
I've been a loyal customer for years and now my debit card was blocked due to 'suspicious activity' but all transactions were made by me. I expect a response within 24 hours.,debit_card_blocked
"Dear support team, i keep getting 'Card declined' error when using my credit card for contactless payments. This is affecting my daily life.",credit_card_declined
I've been a loyal customer for years and now the top-up limit for my ETC card was reduced without notice. I cannot add the amount I need.,etc_card_topup
"I am extremely frustrated because i tried to transfer RM 3,928.27 to my savings account via the mobile app but the transaction failed and the money is gone. I'm considering switching banks over this.",mobile_app_transfer
This is my third complaint about this issue. my credit card ending in 5617 was declined at a Shell store even though I have available credit.,credit_card_declined
This is unacceptable. i tried to use my credit card at Grab but it was declined without any reason. I expect a response within 24 hours.,credit_card_declined
"Hi, I'm writing to complain that i'm unable to make overseas transfers via the app. It keeps timing out at the final step.",mobile_app_transfer
"I need urgent help — your mobile app login page just spins and never loads. I've been unable to access my account since January 05, 2026. Please resolve this immediately.",mobile_app_login
This is unacceptable. online banking shows my old address and I cannot update my profile. The save button is broken. I'm considering switching banks over this.,online_banking_access
"Dear support team, the authentication code you sent is 6 digits but the app field only accepts 4 digits. I will escalate to the regulator if this is not resolved.",mobile_app_otp
"Dear support team, my credit card keeps getting declined even though I paid off the full balance last week. This is affecting my daily life.",credit_card_declined
"Dear support team, i successfully log into online banking but all menu options are greyed out and unclickable.",online_banking_access
My debit card was blocked after one failed PIN attempt. This is very inconvenient.,debit_card_blocked
"Hi, I'm writing to complain that my credit card interest rate was changed without prior notification. My bill is much higher than expected.",credit_card_billing
I've been a loyal customer for years and now app shows transfer was successful but my recipient's bank says no funds received.,mobile_app_transfer
I need urgent help — i attempted an urgent bank transfer but the app gave an error and I cannot see if it went through. I will escalate to the regulator if this is not resolved.,mobile_app_transfer
"I am extremely frustrated because credit card declined for an online purchase of RM 2,599.35. My card is active and not expired. I expect a response within 24 hours.",credit_card_declined
"This is unacceptable. my card was declined for a small transaction of RM 4,813.91. This makes no sense given my credit limit.",credit_card_declined
This is my third complaint about this issue. app is stuck on the loading screen after I enter my login details. This has happened for two days straight.,mobile_app_login
I've been a loyal customer for years and now the ATM shows my transaction was successful but didn't give me the cash.,debit_card_atm
Online banking dashboard shows all zeros — my accounts and transactions are not displaying. This is affecting my daily life.,online_banking_access
I'm contacting you because debit card declined at ATM even though I entered the correct PIN and have sufficient balance.,debit_card_atm
"Dear support team, i'm not receiving the OTP SMS needed to complete my transaction. I've been waiting 30 minutes. I will escalate to the regulator if this is not resolved.",mobile_app_otp
I need urgent help — aTM withdrew money from my account but dispensed the wrong amount. This is affecting my daily life.,debit_card_atm
I tried to use my FirstCity Bank debit card and got a 'Card restricted' message. I haven't done anything wrong. I will escalate to the regulator if this is not resolved.,debit_card_blocked
This is unacceptable. my fixed deposit maturity amount was not credited to my account on the due date.,account_balance
I need urgent help — your app has been crashing non-stop since the latest iOS update. Please release a patch.,mobile_app_crash
I've been a loyal customer for years and now my account statement shows a different balance than what the ATM and app display. I'm considering switching banks over this.,account_balance
This is my third complaint about this issue. the one-time password your app sends has already expired by the time I receive it on my phone. This is affecting my daily life.,mobile_app_otp
I'm contacting you because i'm experiencing constant app crashes on my Pixel 8. The app is unusable right now. I'm considering switching banks over this.,mobile_app_crash
"I am extremely frustrated because i can see my pending transactions but they never cleared, and my available balance is wrong. I will escalate to the regulator if this is not resolved.",account_balance
The app crashes after the latest update v6.2.3. Please fix this urgently. Please resolve this immediately.,mobile_app_crash
"Dear support team, my credit card ending in 1197 was declined at a IKEA store even though I have available credit. I expect a response within 24 hours.",credit_card_declined
ETC card works at some toll booths but not others. Inconsistent behavior is causing issues.,etc_card_toll
I'm contacting you because my credit card bill shows a foreign transaction fee for a purchase I made domestically. I'm considering switching banks over this.,credit_card_billing
I'm contacting you because the banking app on my Pixel 8 won't let me sign in. I've tried resetting my password three times but the login still fails. This is affecting my daily life.,mobile_app_login
I am extremely frustrated because app shows transfer was successful but my recipient's bank says no funds received. I expect a response within 24 hours.,mobile_app_transfer
This is my third complaint about this issue. credit card reward points were deducted from my account without my knowledge. I will escalate to the regulator if this is not resolved.,credit_card_billing
I've been a loyal customer for years and now my salary was credited but an unauthorized debit brought my balance to nearly zero. I will escalate to the regulator if this is not resolved.,account_balance
This is unacceptable. i'm getting 'Session expired' error right after I log in. Cannot stay logged into the app. I expect a response within 24 hours.,mobile_app_login
I'm contacting you because top-up transaction for my ETC card is showing 'processing' for 48 hours with no update. I'm considering switching banks over this.,etc_card_topup
This is my third complaint about this issue. top-up transaction for my ETC card is showing 'processing' for 48 hours with no update.,etc_card_topup
I'm contacting you because my ETC card is not being detected at any toll booth since yesterday. This is affecting my daily life.,etc_card_toll
This is my third complaint about this issue. eTC card reader at the Subang toll failed to scan my card. The barrier didn't open. This is affecting my daily life.,etc_card_toll
I am extremely frustrated because i'm being charged an annual fee I never agreed to on my credit card account.,credit_card_billing
This is unacceptable. mobile banking app is extremely slow. It takes over 2 minutes to load my account balance. I will escalate to the regulator if this is not resolved.,mobile_app_crash
I'm contacting you because my debit card got stuck in the ATM slot. It won't come out and the screen has gone blank. I will escalate to the regulator if this is not resolved.,debit_card_atm
I need urgent help — the banking app goes completely black and then crashes when I try to access my loan details.,mobile_app_crash
ATM gave me an error message and kept my card. Transaction reference: TXN-UCGT-160188. Please resolve this immediately.,debit_card_atm
I've been a loyal customer for years and now the ATM shows my transaction was successful but didn't give me the cash.,debit_card_atm
I'm contacting you because your bank's website certificate has expired and my browser won't let me access online banking.,online_banking_access
This is my third complaint about this issue. mobile banking app doubled my transfer — debited my account twice for a single transaction.,mobile_app_transfer
I successfully log into online banking but all menu options are greyed out and unclickable. I'm considering switching banks over this.,online_banking_access
Debit card shows as frozen in the app but I didn't freeze it. Please unblock it.,debit_card_blocked
"Hi, I'm writing to complain that mobile banking app is extremely slow. It takes over 2 minutes to load my account balance.",mobile_app_crash
"Hi, I'm writing to complain that mobile app is unresponsive after I switch between accounts. I have to reinstall it every time.",mobile_app_crash
I'm unable to reset my online banking password. The 'Forgot Password' link doesn't work. I expect a response within 24 hours.,online_banking_access
App crashes when I try to upload a photo of my check for mobile deposit.,mobile_app_crash
"Dear support team, i tried to use my credit card at Grab but it was declined without any reason.",credit_card_declined
ETC card top-up via ATM was successful but the balance on the card wasn't updated.,etc_card_topup
My credit card interest rate was changed without prior notification. My bill is much higher than expected.,credit_card_billing
I've been a loyal customer for years and now i can't find the ETC card top-up option in the banking app anymore. It seems to have disappeared.,etc_card_topup
I am extremely frustrated because transfer limit in the mobile app was changed without my consent. Now I cannot send large amounts. I expect a response within 24 hours.,mobile_app_transfer
This is my third complaint about this issue. debit card shows as frozen in the app but I didn't freeze it. Please unblock it. I will escalate to the regulator if this is not resolved.,debit_card_blocked
My credit card transaction was declined at a supermarket. I had more than enough credit available. I'm considering switching banks over this.,credit_card_declined
This is unacceptable. my ETC card top-up hasn't been credited even after 68 hours. Transaction reference: TXN-PKIB-492122. Please resolve this immediately.,etc_card_topup
"Hi, I'm writing to complain that i'm locked out of online banking after too many incorrect password attempts. Please reset my access. I'm considering switching banks over this.",online_banking_access
I'm contacting you because i cannot access your internet banking portal. The website keeps showing a '503 Service Unavailable' error.,online_banking_access
"This is unacceptable. i'm getting 'Transaction declined' when trying to transfer funds, but my balance is sufficient.",mobile_app_transfer
I'm contacting you because i'm unable to make overseas transfers via the app. It keeps timing out at the final step. I'm considering switching banks over this.,mobile_app_transfer
"Hi, I'm writing to complain that my credit card interest rate was changed without prior notification. My bill is much higher than expected. I will escalate to the regulator if this is not resolved.",credit_card_billing
This is my third complaint about this issue. the 2FA code sent by your bank is always invalid even though I enter it right away. I will escalate to the regulator if this is not resolved.,mobile_app_otp
This is my third complaint about this issue. app is stuck on the loading screen after I enter my login details. This has happened for two days straight.,mobile_app_login
I am extremely frustrated because app shows transfer was successful but my recipient's bank says no funds received. I will escalate to the regulator if this is not resolved.,mobile_app_transfer
I am extremely frustrated because credit card reward points were deducted from my account without my knowledge. I'm considering switching banks over this.,credit_card_billing
I need urgent help — app crashes when I try to upload a photo of my check for mobile deposit. I will escalate to the regulator if this is not resolved.,mobile_app_crash
I keep getting 'Card declined' error when using my credit card for contactless payments. I'm considering switching banks over this.,credit_card_declined
The fingerprint login on my banking app suddenly stopped working. I cannot get into my account at all.,mobile_app_login
I am extremely frustrated because the app asks for my password then immediately freezes. I have to force close it and start over.,mobile_app_login
This is unacceptable. mobile app is unresponsive after I switch between accounts. I have to reinstall it every time. I expect a response within 24 hours.,mobile_app_crash
"Hi, I'm writing to complain that your bank's website certificate has expired and my browser won't let me access online banking.",online_banking_access
This is my third complaint about this issue. app is stuck on the loading screen after I enter my login details. This has happened for two days straight. This is affecting my daily life.,mobile_app_login
I need urgent help — my credit card bill shows a foreign transaction fee for a purchase I made domestically.,credit_card_billing
"Hi, I'm writing to complain that my ETC card always worked before but suddenly stopped being recognized at toll gates. This is affecting my daily life.",etc_card_toll
I'm contacting you because i keep getting 'Card declined' error when using my credit card for contactless payments.,credit_card_declined
My credit card keeps getting declined even though I paid off the full balance last week. I'm considering switching banks over this.,credit_card_declined
"Dear support team, online banking shows my old address and I cannot update my profile. The save button is broken. I'm considering switching banks over this.",online_banking_access
Credit card declined for a recurring subscription payment I've been making for 2 years. Please resolve this immediately.,credit_card_declined
The toll system said my ETC card was invalid even though it's registered and topped up. I will escalate to the regulator if this is not resolved.,etc_card_toll
SMS OTP is going to my old phone number even after I updated it in the app. Please resolve this immediately.,mobile_app_otp
"Hi, I'm writing to complain that aTM gave me an error message and kept my card. Transaction reference: TXN-UJPI-699134. Please resolve this immediately.",debit_card_atm
"I'm contacting you because your mobile app login page just spins and never loads. I've been unable to access my account since February 09, 2026.",mobile_app_login
My fixed deposit maturity amount was not credited to my account on the due date.,account_balance
I've been a loyal customer for years and now i'm unable to make overseas transfers via the app. It keeps timing out at the final step. I will escalate to the regulator if this is not resolved.,mobile_app_transfer
"This is my third complaint about this issue. aTM swallowed my debit card and didn't dispense the RM 2,462.68 I requested. I'm considering switching banks over this.",debit_card_atm
"Dear support team, top-up transaction for my ETC card is showing 'processing' for 48 hours with no update.",etc_card_topup
"Hi, I'm writing to complain that i see charges on my credit card from a date when the card was in my wallet and unused. This is affecting my daily life.",credit_card_billing
App shows transfer was successful but my recipient's bank says no funds received.,mobile_app_transfer
"I am extremely frustrated because your mobile app login page just spins and never loads. I've been unable to access my account since February 14, 2026. I expect a response within 24 hours.",mobile_app_login
I need urgent help — i see a charge of RM 601.98 on my credit card statement that I did not authorize. I expect a response within 24 hours.,credit_card_billing
I need urgent help — i returned a product but the refund hasn't appeared on my credit card statement after 3 weeks. Please resolve this immediately.,credit_card_billing
This is my third complaint about this issue. transfer limit in the mobile app was changed without my consent. Now I cannot send large amounts. I will escalate to the regulator if this is not resolved.,mobile_app_transfer
"Hi, I'm writing to complain that oTP verification keeps failing. The code you send doesn't match what the app expects.",mobile_app_otp
"Dear support team, the banking app goes completely black and then crashes when I try to access my loan details.",mobile_app_crash
"Hi, I'm writing to complain that i cannot access your internet banking portal. The website keeps showing a '503 Service Unavailable' error.",online_banking_access
"Hi, I'm writing to complain that app closes unexpectedly while I'm in the middle of making a payment. Very frustrating. I will escalate to the regulator if this is not resolved.",mobile_app_crash
This is my third complaint about this issue. the mobile app is saying my OTP is incorrect even though I'm entering it exactly as received.,mobile_app_otp
The banking app on my OnePlus 12 won't let me sign in. I've tried resetting my password three times but the login still fails.,mobile_app_login
I am extremely frustrated because i was fined for not paying toll because my ETC card wasn't recognized. Please help. This is affecting my daily life.,etc_card_toll
I was charged for an ATM withdrawal that never happened. The machine malfunctioned. This is affecting my daily life.,debit_card_atm
"I've been a loyal customer for years and now i tried to transfer RM 4,253.83 to my savings account via the mobile app but the transaction failed and the money is gone.",mobile_app_transfer
"Hi, I'm writing to complain that mobile banking app is extremely slow. It takes over 2 minutes to load my account balance. Please resolve this immediately.",mobile_app_crash
I'm contacting you because i'm being charged an annual fee I never agreed to on my credit card account. I will escalate to the regulator if this is not resolved.,credit_card_billing
I am extremely frustrated because the ATM shows my transaction was successful but didn't give me the cash. I'm considering switching banks over this.,debit_card_atm
I am extremely frustrated because i attempted an urgent bank transfer but the app gave an error and I cannot see if it went through. I'm considering switching banks over this.,mobile_app_transfer
"Dear support team, app closes unexpectedly while I'm in the middle of making a payment. Very frustrating.",mobile_app_crash
ETC card top-up via ATM was successful but the balance on the card wasn't updated.,etc_card_topup
I am extremely frustrated because i attempted an urgent bank transfer but the app gave an error and I cannot see if it went through.,mobile_app_transfer
ETC card reader at the Petaling Jaya toll failed to scan my card. The barrier didn't open.,etc_card_toll
I need urgent help — i received a toll violation notice even though my ETC card was properly installed. I will escalate to the regulator if this is not resolved.,etc_card_toll
I'm contacting you because eTC card reader at the Mont Kiara toll failed to scan my card. The barrier didn't open.,etc_card_toll
"Dear support team, i'm unable to make overseas transfers via the app. It keeps timing out at the final step. I expect a response within 24 hours.",mobile_app_transfer
The authentication code you sent is 6 digits but the app field only accepts 4 digits. I'm considering switching banks over this.,mobile_app_otp
This is unacceptable. my credit card bill shows a foreign transaction fee for a purchase I made domestically. Please resolve this immediately.,credit_card_billing
This is unacceptable. i'm experiencing constant app crashes on my iPhone 15. The app is unusable right now. I expect a response within 24 hours.,mobile_app_crash
This is my third complaint about this issue. the authentication code you sent is 6 digits but the app field only accepts 4 digits.,mobile_app_otp
I need urgent help — fund transfer on the mobile banking app shows 'Pending' for over 24 hours. The amount has been deducted. This is affecting my daily life.,mobile_app_transfer
I'm contacting you because my credit card transaction was declined at a supermarket. I had more than enough credit available. This is affecting my daily life.,credit_card_declined
I can't find the ETC card top-up option in the banking app anymore. It seems to have disappeared. I will escalate to the regulator if this is not resolved.,etc_card_topup
"I am extremely frustrated because i drove through the toll lane and the ETC system didn't detect my card, causing a fine.",etc_card_toll
The top-up limit for my ETC card was reduced without notice. I cannot add the amount I need. I will escalate to the regulator if this is not resolved.,etc_card_topup
I cannot access your internet banking portal. The website keeps showing a '503 Service Unavailable' error. I will escalate to the regulator if this is not resolved.,online_banking_access
"Hi, I'm writing to complain that mobile banking app is extremely slow. It takes over 2 minutes to load my account balance.",mobile_app_crash
This is my third complaint about this issue. your bank's website certificate has expired and my browser won't let me access online banking.,online_banking_access
I tried to reload my ETC card at a top-up kiosk and it rejected my debit card. I expect a response within 24 hours.,etc_card_topup
App closes unexpectedly while I'm in the middle of making a payment. Very frustrating. This is affecting my daily life.,mobile_app_crash
The mobile app is saying my OTP is incorrect even though I'm entering it exactly as received.,mobile_app_otp
I'm contacting you because i'm not receiving the OTP SMS needed to complete my transaction. I've been waiting 30 minutes.,mobile_app_otp
This is my third complaint about this issue. i received a toll violation notice even though my ETC card was properly installed.,etc_card_toll
I updated the app last night and now I can't log in. The screen goes blank after I enter my credentials.,mobile_app_login
This is my third complaint about this issue. online top-up for my ETC card failed but the payment was debited from my bank account.,etc_card_topup
My ETC card was not recognized at the toll booth on the highway today. I expect a response within 24 hours.,etc_card_toll
